URL,File Name
https://www.destatis.de/DE/Themen/Wirtschaft/Volkswirtschaftliche-Gesamtrechnungen-Inlandsprodukt/Publikationen/Downloads-Inlandsprodukt/inlandsprodukt-endgueltig-xlsx-2180140.xlsx?__blob=publicationFile,inlandsprodukt-endgueltig-xlsx-2180140.xlsx
https://www.destatis.de/DE/Service/Statistik-Campus/ESC/_docs/beispiel_mikrodatensatz.xlsx?__blob=publicationFile,beispiel_mikrodatensatz.xlsx
https://www.destatis.de/DE/Themen/Wirtschaft/Aussenhandel/Publikationen/Downloads-Aussenhandel/statistischer-bericht-aussenhandel-2070100241075.xlsx?__blob=publicationFile,statistischer-bericht-aussenhandel-2070100241075.xlsx
https://www.destatis.de/DE/Themen/Wirtschaft/Preise/Verbraucherpreisindex/Publikationen/Downloads-Verbraucherpreise/statistischer-bericht-verbraucherpreisindex-lange-reihen-5611103.xlsx?__blob=publicationFile,statistischer-bericht-verbraucherpreisindex-lange-reihen-5611103.xlsx
https://www.destatis.de/DE/Themen/Wirtschaft/Volkswirtschaftliche-Gesamtrechnungen-Inlandsprodukt/Tabellen/inlandsprodukt-einnahmen-ausgaben1991-xls.xlsx?__blob=publicationFile,inlandsprodukt-einnahmen-ausgaben1991-xls.xlsx
https://www.destatis.de/DE/Themen/Gesellschaft-Umwelt/Bevoelkerung/Sterbefaelle-Lebenserwartung/Publikationen/Downloads-Sterbefaelle/statistischer-bericht-sterbefaelle-5126105237005.xlsx?__blob=publicationFile,statistischer-bericht-sterbefaelle-5126105237005.xlsx
https://www.destatis.de/DE/Themen/Wirtschaft/Aussenhandel/Tabellen/ukraine-xlsx.xlsx?__blob=publicationFile,ukraine-xlsx.xlsx
https://www.destatis.de/DE/Themen/Gesellschaft-Umwelt/Bevoelkerung/Geburten/Publikationen/Downloads-Geburten/statistischer-bericht-geburten-5126104237005.xlsx?__blob=publicationFile,statistischer-bericht-geburten-5126104237005.xlsx
https://www.destatis.de/DE/Themen/Wirtschaft/Aussenhandel/Tabellen/russische-foederation-xlsx.xlsx?__blob=publicationFile,russische-foederation-xlsx.xlsx
https://www.destatis.de/DE/Themen/Gesellschaft-Umwelt/Bildung-Forschung-Kultur/Hochschulen/Publikationen/Downloads-Hochschulen/statistischer-bericht-studierende-ausland-5217101237005.xlsx?__blob=publicationFile,statistischer-bericht-studierende-ausland-5217101237005.xlsx
https://www.destatis.de/DE/Themen/Gesellschaft-Umwelt/Gesundheit/Vorsorgeeinrichtungen-Rehabilitationseinrichtungen/Publikationen/Downloads-Vorsorge-oder-Reha/statistischer-bericht-grunddaten-vorsorge-reha-2120612227005.xlsx?__blob=publicationFile,statistischer-bericht-grunddaten-vorsorge-reha-2120612227005.xlsx
https://www.destatis.de/DE/Themen/Gesellschaft-Umwelt/Bevoelkerung/Eheschliessungen-Ehescheidungen-Lebenspartnerschaften/Publikationen/Downloads-Eheschliessungen/statistischer-bericht-beschluesse-ehesachen-5126301237005.xlsx?__blob=publicationFile,statistischer-bericht-beschluesse-ehesachen-5126301237005.xlsx
https://www.destatis.de/DE/Themen/Branchen-Unternehmen/Landwirtschaft-Forstwirtschaft-Fischerei/Landwirtschaftliche-Betriebe/Publikationen/Downloads-Landwirtschaftliche-Betriebe/statistischer-bericht-rechtsform-erwerbscharakter-2030215239005.xlsx?__blob=publicationFile,statistischer-bericht-rechtsform-erwerbscharakter-2030215239005.xlsx
https://www.destatis.de/DE/Themen/Wirtschaft/Aussenhandel/Publikationen/Downloads-Aussenhandel/statistischer-bericht-aussenhandel-2070100241065.xlsx?__blob=publicationFile,statistischer-bericht-aussenhandel-2070100241065.xlsx
https://www.destatis.de/DE/Themen/Gesellschaft-Umwelt/Bevoelkerung/Wanderungen/Publikationen/Downloads-Wanderungen/statistischer-bericht-wanderungen-2010120227005.xlsx?__blob=publicationFile,statistischer-bericht-wanderungen-2010120227005.xlsx
https://www.destatis.de/DE/Themen/Wirtschaft/Aussenhandel/Publikationen/Downloads-Aussenhandel/statistischer-bericht-aussenhandel-2070100241015.xlsx?__blob=publicationFile,statistischer-bericht-aussenhandel-2070100241015.xlsx
https://www.destatis.de/DE/Themen/Branchen-Unternehmen/Landwirtschaft-Forstwirtschaft-Fischerei/Landwirtschaftliche-Betriebe/Publikationen/Downloads-Landwirtschaftliche-Betriebe/statistischer-bericht-maschinen-und-lagerung-5411207239005.xlsx?__blob=publicationFile,statistischer-bericht-maschinen-und-lagerung-5411207239005.xlsx
https://www.destatis.de/DE/Themen/Branchen-Unternehmen/Landwirtschaft-Forstwirtschaft-Fischerei/Wein/Publikationen/Downloads-Wein/statistischer-bericht-betriebe-weinbau-2030223239005.xlsx?__blob=publicationFile,statistischer-bericht-betriebe-weinbau-2030223239005.xlsx
https://www.destatis.de/DE/Themen/Wirtschaft/Preise/Verbraucherpreisindex/Publikationen/Downloads-Verbraucherpreise/statistischer-bericht-verbraucherpreisindex-lange-reihen-5611103241035.xlsx?__blob=publicationFile,statistischer-bericht-verbraucherpreisindex-lange-reihen-5611103241035.xlsx
https://www.destatis.de/DE/Themen/Wirtschaft/Preise/Verbraucherpreisindex/Publikationen/Downloads-Verbraucherpreise/statistischer-bericht-verbraucherpreisindex-lange-reihen-5611103241045.xlsx?__blob=publicationFile,statistischer-bericht-verbraucherpreisindex-lange-reihen-5611103241045.xlsx
https://www.destatis.de/DE/Themen/Gesellschaft-Umwelt/Bevoelkerung/Wanderungen/Publikationen/Downloads-Wanderungen/statistischer-bericht-wanderungen-2010120237005.xlsx?__blob=publicationFile,statistischer-bericht-wanderungen-2010120237005.xlsx
https://www.destatis.de/DE/Themen/Gesellschaft-Umwelt/Umwelt/UGR/ueberblick/Publikationen/Downloads/maschinenlesbarer_haushaltsplan_bund_2019-2024.xlsx?__blob=publicationFile,maschinenlesbarer_haushaltsplan_bund_2019-2024.xlsx
https://www.destatis.de/DE/Themen/Wirtschaft/Volkswirtschaftliche-Gesamtrechnungen-Inlandsprodukt/Publikationen/Downloads-Inlandsprodukt/inlandsprodukt-vorlaeufig-xlsx-2180140.xlsx?__blob=publicationFile,inlandsprodukt-vorlaeufig-xlsx-2180140.xlsx
https://www.destatis.de/DE/Themen/Wirtschaft/Volkswirtschaftliche-Gesamtrechnungen-Inlandsprodukt/Publikationen/Downloads-Inlandsprodukt/statistischer-bericht-2180120243225.xlsx?__blob=publicationFile,statistischer-bericht-2180120243225.xlsx
https://www.destatis.de/DE/Themen/Gesellschaft-Umwelt/Bevoelkerung/Sterbefaelle-Lebenserwartung/Publikationen/Downloads-Sterbefaelle/statistischer-bericht-sterbefaelle-tage-wochen-monate-endg-5126108.xlsx?__blob=publicationFile,statistischer-bericht-sterbefaelle-tage-wochen-monate-endg-5126108.xlsx
https://www.destatis.de/DE/Themen/Gesellschaft-Umwelt/Gesundheit/Todesursachen/Publikationen/Downloads-Todesursachen/statistischer-bericht-todesursachen-2120400237005.xlsx?__blob=publicationFile,statistischer-bericht-todesursachen-2120400237005.xlsx
https://www.destatis.de/DE/Themen/Gesellschaft-Umwelt/Umwelt/UGR/ueberblick/Publikationen/Downloads/statistischer-bericht-ugr-ueberblick-5850026249005.xlsx?__blob=publicationFile,statistischer-bericht-ugr-ueberblick-5850026249005.xlsx
https://www.destatis.de/DE/Themen/Gesellschaft-Umwelt/Bevoelkerung/Sterbefaelle-Lebenserwartung/Publikationen/Downloads-Sterbefaelle/statistischer-bericht-sterbefaelle-5126105227005.xlsx?__blob=publicationFile,statistischer-bericht-sterbefaelle-5126105227005.xlsx
https://www.destatis.de/DE/Themen/Gesellschaft-Umwelt/Umwelt/UGR/rohstoffe-materialfluesse-wasser/Publikationen/Downloads/statistischer-bericht-rohstoffaequivalente-5853101217005.xlsx?__blob=publicationFile,statistischer-bericht-rohstoffaequivalente-5853101217005.xlsx
https://www.destatis.de/DE/Themen/Branchen-Unternehmen/Landwirtschaft-Forstwirtschaft-Fischerei/Tiere-Tierische-Erzeugung/Publikationen/Downloads-Tiere-und-tierische-Erzeugung/statistischer-bericht-viehhaltung-2030213239005.xlsx?__blob=publicationFile,statistischer-bericht-viehhaltung-2030213239005.xlsx
https://www.destatis.de/DE/Themen/Gesellschaft-Umwelt/Wohnen/Publikationen/Downloads-Wohnen/wohnen-in-deutschland-5122125229005.xlsx?__blob=publicationFile,wohnen-in-deutschland-5122125229005.xlsx
https://www.destatis.de/DE/Themen/Branchen-Unternehmen/Landwirtschaft-Forstwirtschaft-Fischerei/Landwirtschaftliche-Betriebe/Publikationen/Downloads-Landwirtschaftliche-Betriebe/statistischer-bericht-betriebe-bewaesserung-5411205239005.xlsx?__blob=publicationFile,statistischer-bericht-betriebe-bewaesserung-5411205239005.xlsx
https://www.destatis.de/DE/Themen/Wirtschaft/Volkswirtschaftliche-Gesamtrechnungen-Inlandsprodukt/Publikationen/Downloads-Einkommensverteilung-Sektorkonten/hauptaggregate-sektoren-xlsx-5812103.xlsx?__blob=publicationFile,hauptaggregate-sektoren-xlsx-5812103.xlsx
https://www.destatis.de/DE/Themen/Gesellschaft-Umwelt/Umwelt/UGR/private-haushalte/Publikationen/Downloads/statistischer-bericht-haushalte-umwelt-5851319217005.xlsx?__blob=publicationFile,statistischer-bericht-haushalte-umwelt-5851319217005.xlsx
https://www.destatis.de/DE/Themen/Branchen-Unternehmen/Landwirtschaft-Forstwirtschaft-Fischerei/Landwirtschaftliche-Betriebe/Publikationen/Downloads-Landwirtschaftliche-Betriebe/statistischer-bericht-betriebswirtschaftliche-ausrichtung-2030214239005.xlsx?__blob=publicationFile,statistischer-bericht-betriebswirtschaftliche-ausrichtung-2030214239005.xlsx
https://www.destatis.de/DE/Themen/Wirtschaft/Preise/Verbraucherpreisindex/Publikationen/Downloads-Verbraucherpreise/statistischer-bericht-verbraucherpreisindex-lange-reihen-5611103241025.xlsx?__blob=publicationFile,statistischer-bericht-verbraucherpreisindex-lange-reihen-5611103241025.xlsx
https://www.destatis.de/DE/Themen/Gesellschaft-Umwelt/Umwelt/UGR/energiefluesse-emissionen/Publikationen/Downloads/umweltnutzung-und-wirtschaft-energie-xlsx-5850014.xlsx?__blob=publicationFile,umweltnutzung-und-wirtschaft-energie-xlsx-5850014.xlsx
https://www.destatis.de/DE/Themen/Wirtschaft/Volkswirtschaftliche-Gesamtrechnungen-Inlandsprodukt/Publikationen/Downloads-Inlandsprodukt/inlandsprodukt-lange-reihen-xlsx-2180150.xlsx?__blob=publicationFile,inlandsprodukt-lange-reihen-xlsx-2180150.xlsx
https://www.destatis.de/DE/Themen/Gesellschaft-Umwelt/Bevoelkerung/Migration-Integration/Publikationen/Downloads-Migration/statistischer-bericht-einbuergerungen-2010210227005.xlsx?__blob=publicationFile,statistischer-bericht-einbuergerungen-2010210227005.xlsx
https://www.destatis.de/DE/Themen/Branchen-Unternehmen/Landwirtschaft-Forstwirtschaft-Fischerei/Landwirtschaftliche-Betriebe/Publikationen/Downloads-Landwirtschaftliche-Betriebe/statistischer-bericht-arbeitskraefte-2030218239005.xlsx?__blob=publicationFile,statistischer-bericht-arbeitskraefte-2030218239005.xlsx
https://www.destatis.de/DE/Themen/Gesellschaft-Umwelt/Bevoelkerung/Eheschliessungen-Ehescheidungen-Lebenspartnerschaften/Publikationen/Downloads-Eheschliessungen/statistischer-bericht-ehescheidungen-eheschliessungen-geborene-gestorbene-zeitreihen-5126107.xlsx?__blob=publicationFile,statistischer-bericht-ehescheidungen-eheschliessungen-geborene-gestorbene-zeitreihen-5126107.xlsx
https://www.destatis.de/DE/Themen/Branchen-Unternehmen/Gastgewerbe-Tourismus/Publikationen/Downloads-Tourismus/statistischer-bericht-monatserhebung-tourismus-2060710241065.xlsx?__blob=publicationFile,statistischer-bericht-monatserhebung-tourismus-2060710241065.xlsx
https://www.destatis.de/DE/Themen/Gesellschaft-Umwelt/Verkehrsunfaelle/Publikationen/Downloads-Verkehrsunfaelle/statistischer-bericht-verkehrsunfaelle-zeitreihen-5462403.xlsx?__blob=publicationFile,statistischer-bericht-verkehrsunfaelle-zeitreihen-5462403.xlsx
https://www.destatis.de/DE/Themen/Branchen-Unternehmen/Landwirtschaft-Forstwirtschaft-Fischerei/Landwirtschaftliche-Betriebe/Publikationen/Downloads-Landwirtschaftliche-Betriebe/statistischer-bericht-eigentums-pachtverhaeltnisse-2030216239005.xlsx?__blob=publicationFile,statistischer-bericht-eigentums-pachtverhaeltnisse-2030216239005.xlsx
https://www.destatis.de/DE/Themen/Gesellschaft-Umwelt/Umwelt/UGR/energiefluesse-emissionen/Publikationen/Downloads/anthropogene-luftemissionen-5851103207005.xlsx?__blob=publicationFile,anthropogene-luftemissionen-5851103207005.xlsx
https://www.destatis.de/DE/Themen/Gesellschaft-Umwelt/Bevoelkerung/Bevoelkerungsstand/Publikationen/Downloads-Bevoelkerungsstand/statistischer-bericht-bevoelkerungsfortschreibung-zensus-2011-5124106.xlsx?__blob=publicationFile,statistischer-bericht-bevoelkerungsfortschreibung-zensus-2011-5124106.xlsx
https://www.destatis.de/DE/Themen/Gesellschaft-Umwelt/Gesundheit/Krankenhaeuser/Publikationen/Downloads-Krankenhaeuser/statistischer-bericht-operationen-prozeduren-5231401237015.xlsx?__blob=publicationFile,statistischer-bericht-operationen-prozeduren-5231401237015.xlsx
https://www.destatis.de/DE/Themen/Wirtschaft/Preise/Verbraucherpreisindex/Publikationen/Downloads-Verbraucherpreise/statistischer-bericht-verbraucherpreisindex-lange-reihen-5611103241055.xlsx?__blob=publicationFile,statistischer-bericht-verbraucherpreisindex-lange-reihen-5611103241055.xlsx
https://www.destatis.de/DE/Themen/Wirtschaft/Aussenhandel/Publikationen/Downloads-Aussenhandel/statistischer-bericht-aussenhandel-2070100241045.xlsx?__blob=publicationFile,statistischer-bericht-aussenhandel-2070100241045.xlsx
https://www.destatis.de/DE/Themen/Gesellschaft-Umwelt/Bevoelkerung/Migration-Integration/Publikationen/Downloads-Migration/statistischer-bericht-einbuergerungen-2010210237005.xlsx?__blob=publicationFile,statistischer-bericht-einbuergerungen-2010210237005.xlsx
https://www.destatis.de/DE/Themen/Gesellschaft-Umwelt/Umwelt/UGR/private-haushalte/Publikationen/Downloads/haushalte-umwelt-xlsx-5851319.xlsx?__blob=publicationFile,haushalte-umwelt-xlsx-5851319.xlsx
https://www.destatis.de/DE/Themen/Gesellschaft-Umwelt/Bildung-Forschung-Kultur/Hochschulen/Publikationen/Downloads-Hochschulen/kennzahlen-nichtmonetaer-2110431227005.xlsx?__blob=publicationFile,kennzahlen-nichtmonetaer-2110431227005.xlsx
https://www.destatis.de/DE/Themen/Gesellschaft-Umwelt/Bevoelkerung/Bevoelkerungsstand/Publikationen/Downloads-Bevoelkerungsstand/statistischer-bericht-bevoelkerungsfortschreibung-zensus-2022-5124107.xlsx?__blob=publicationFile,statistischer-bericht-bevoelkerungsfortschreibung-zensus-2022-5124107.xlsx
https://www.destatis.de/DE/Themen/Gesellschaft-Umwelt/Bildung-Forschung-Kultur/Hochschulen/Publikationen/Downloads-Hochschulen/statistischer-bericht-hochschulpersonal-2110440237005.xlsx?__blob=publicationFile,statistischer-bericht-hochschulpersonal-2110440237005.xlsx
https://www.destatis.de/DE/Themen/Gesellschaft-Umwelt/Umwelt/UGR/rohstoffe-materialfluesse-wasser/Publikationen/Downloads/statistischer-bericht-gesamtwirtschaftliches-materialkonto-5851315227005.xlsx?__blob=publicationFile,statistischer-bericht-gesamtwirtschaftliches-materialkonto-5851315227005.xlsx
https://www.destatis.de/DE/Themen/Staat/Steuern/Verbrauchsteuern/Publikationen/Downloads-Verbrauchsteuern/statistischer-bericht-absatz-bier-2140921241085.xlsx?__blob=publicationFile,statistischer-bericht-absatz-bier-2140921241085.xlsx
https://www.destatis.de/DE/Themen/Gesellschaft-Umwelt/Umwelt/UGR/energiefluesse-emissionen/Publikationen/Downloads/statistischer-bericht-ugr-luftemissionsrechnung-5851103217005.xlsx?__blob=publicationFile,statistischer-bericht-ugr-luftemissionsrechnung-5851103217005.xlsx
https://www.destatis.de/DE/Themen/Wirtschaft/Aussenhandel/Publikationen/Downloads-Aussenhandel/statistischer-bericht-aussenhandel-2070100241055.xlsx?__blob=publicationFile,statistischer-bericht-aussenhandel-2070100241055.xlsx
https://www.destatis.de/DE/Themen/Branchen-Unternehmen/Landwirtschaft-Forstwirtschaft-Fischerei/Publikationen/Bodennutzung/statistischer-bericht-landw-betriebe-bodennutzung-2030212239005.xlsx?__blob=publicationFile,statistischer-bericht-landw-betriebe-bodennutzung-2030212239005.xlsx
https://www.destatis.de/DE/Themen/Wirtschaft/Aussenhandel/Publikationen/Downloads-Aussenhandel/statistischer-bericht-aussenhandel-2070100241035.xlsx?__blob=publicationFile,statistischer-bericht-aussenhandel-2070100241035.xlsx
https://www.destatis.de/DE/Themen/Gesellschaft-Umwelt/Bevoelkerung/Eheschliessungen-Ehescheidungen-Lebenspartnerschaften/Publikationen/Downloads-Eheschliessungen/statistischer-bericht-beschluesse-ehesachen-5126301227005.xlsx?__blob=publicationFile,statistischer-bericht-beschluesse-ehesachen-5126301227005.xlsx
https://www.destatis.de/DE/Themen/Wirtschaft/Volkswirtschaftliche-Gesamtrechnungen-Inlandsprodukt/Publikationen/Downloads-Inlandsprodukt/statistischer-bericht-2180120243215.xlsx?__blob=publicationFile,statistischer-bericht-2180120243215.xlsx
https://www.destatis.de/DE/Themen/Wirtschaft/Preise/Verbraucherpreisindex/Publikationen/Downloads-Verbraucherpreise/statistischer-bericht-verbraucherpreisindex-lange-reihen-5611103241065.xlsx?__blob=publicationFile,statistischer-bericht-verbraucherpreisindex-lange-reihen-5611103241065.xlsx
https://www.destatis.de/DE/Themen/Branchen-Unternehmen/Transport-Verkehr/Publikationen/Downloads-Querschnitt/statistischer-bericht-kombinierter-verkehr-2080130227005.xlsx?__blob=publicationFile,statistischer-bericht-kombinierter-verkehr-2080130227005.xlsx
https://www.destatis.de/DE/Themen/Staat/Steuern/Lohnsteuer-Einkommensteuer/Publikationen/Downloads-Lohn-und-Einkommenssteuern/statistischer-bericht-lohn-einkommensteuer-einkuenfte-land-forstwirtschaft-5731105207005.xlsx?__blob=publicationFile,statistischer-bericht-lohn-einkommensteuer-einkuenfte-land-forstwirtschaft-5731105207005.xlsx
https://www.destatis.de/DE/Themen/Laender-Regionen/Regionales/Gemeindeverzeichnis/Administrativ/Archiv/Verwaltungsgliederung/31122000_Jahr.xlsx?__blob=publicationFile,31122000_Jahr.xlsx
https://www.destatis.de/DE/Themen/Gesellschaft-Umwelt/Umwelt/Abfallwirtschaft/Publikationen/Downloads-Abfallwirtschaft/statistischer-bericht-abfallbilanz-5321001227005.xlsx?__blob=publicationFile,statistischer-bericht-abfallbilanz-5321001227005.xlsx
https://www.destatis.de/DE/Themen/Wirtschaft/Volkswirtschaftliche-Gesamtrechnungen-Inlandsprodukt/Publikationen/Downloads-Einkommensverteilung-Sektorkonten/sektorkonten-xlsx-5812105.xlsx?__blob=publicationFile,sektorkonten-xlsx-5812105.xlsx
https://www.destatis.de/DE/Themen/Branchen-Unternehmen/Landwirtschaft-Forstwirtschaft-Fischerei/Landwirtschaftliche-Betriebe/Publikationen/Downloads-Landwirtschaftliche-Betriebe/statistischer-bericht-foerderprogramme-5411206239005.xlsx?__blob=publicationFile,statistischer-bericht-foerderprogramme-5411206239005.xlsx
https://www.destatis.de/DE/Themen/Wirtschaft/Aussenhandel/Publikationen/Downloads-Aussenhandel/statistischer-bericht-aussenhandel-2070100241025.xlsx?__blob=publicationFile,statistischer-bericht-aussenhandel-2070100241025.xlsx
https://www.destatis.de/DE/Themen/Branchen-Unternehmen/Transport-Verkehr/Publikationen/Downloads-Querschnitt/statistischer-bericht-kombinierter-verkehr-2080130237005.xlsx?__blob=publicationFile,statistischer-bericht-kombinierter-verkehr-2080130237005.xlsx
https://www.destatis.de/DE/Themen/Gesellschaft-Umwelt/Bevoelkerung/Geburten/Publikationen/Downloads-Geburten/statistischer-bericht-frauen-zahl-geborene-Kinder-endergebnisse-5126106229005.xlsx?__blob=publicationFile,statistischer-bericht-frauen-zahl-geborene-Kinder-endergebnisse-5126106229005.xlsx
https://www.destatis.de/DE/Themen/Wirtschaft/Volkswirtschaftliche-Gesamtrechnungen-Inlandsprodukt/Publikationen/Downloads-Inlandsprodukt/investitionen-xlsx-5811108.xlsx?__blob=publicationFile,investitionen-xlsx-5811108.xlsx
https://www.destatis.de/DE/Themen/Wirtschaft/Preise/Verbraucherpreisindex/Publikationen/Downloads-Verbraucherpreise/statistischer-bericht-verbraucherpreisindex-lange-reihen-5611103241015.xlsx?__blob=publicationFile,statistischer-bericht-verbraucherpreisindex-lange-reihen-5611103241015.xlsx
https://www.destatis.de/DE/Themen/Gesellschaft-Umwelt/Bevoelkerung/Eheschliessungen-Ehescheidungen-Lebenspartnerschaften/Publikationen/Downloads-Eheschliessungen/statistischer-bericht-eheschliessungen-5126103237005.xlsx?__blob=publicationFile,statistischer-bericht-eheschliessungen-5126103237005.xlsx
https://www.destatis.de/DE/Themen/Branchen-Unternehmen/Landwirtschaft-Forstwirtschaft-Fischerei/Landwirtschaftliche-Betriebe/Publikationen/Downloads-Landwirtschaftliche-Betriebe/statistischer-bericht-einkommenskombinationen-2030217239005.xlsx?__blob=publicationFile,statistischer-bericht-einkommenskombinationen-2030217239005.xlsx
https://www.destatis.de/DE/Themen/Gesellschaft-Umwelt/Bevoelkerung/Sterbefaelle-Lebenserwartung/Publikationen/Downloads-Sterbefaelle/statistischer-bericht-sterbefaelle-tage-wochen-monate-aktuell-5126109.xlsx?__blob=publicationFile,statistischer-bericht-sterbefaelle-tage-wochen-monate-aktuell-5126109.xlsx
https://www.destatis.de/DE/Themen/Gesellschaft-Umwelt/Bevoelkerung/Bevoelkerungsstand/Publikationen/Downloads-Bevoelkerungsstand/statistischer-bericht-bevoelkerungsfortschreibung-2010130237005.xlsx?__blob=publicationFile,statistischer-bericht-bevoelkerungsfortschreibung-2010130237005.xlsx
https://www.destatis.de/DE/Themen/Gesellschaft-Umwelt/Bevoelkerung/Eheschliessungen-Ehescheidungen-Lebenspartnerschaften/Publikationen/Downloads-Eheschliessungen/statistischer-bericht-ehescheidungen-eheschliessungen-geborene-gestorbene-5126001237005.xlsx?__blob=publicationFile,statistischer-bericht-ehescheidungen-eheschliessungen-geborene-gestorbene-5126001237005.xlsx
https://www.destatis.de/DE/Themen/Gesellschaft-Umwelt/Bevoelkerung/Sterbefaelle-Lebenserwartung/Publikationen/Downloads-Sterbefaelle/statistischer-bericht-sterbetafeln-5126207237005.xlsx?__blob=publicationFile,statistischer-bericht-sterbetafeln-5126207237005.xlsx
https://www.destatis.de/DE/Themen/Wirtschaft/Volkswirtschaftliche-Gesamtrechnungen-Inlandsprodukt/Publikationen/Downloads-Inlandsprodukt/preisbereinigte-volumenangaben-jahr-xlsx-5811111.xlsx?__blob=publicationFile,preisbereinigte-volumenangaben-jahr-xlsx-5811111.xlsx
https://www.destatis.de/DE/Themen/Branchen-Unternehmen/Landwirtschaft-Forstwirtschaft-Fischerei/Landwirtschaftliche-Betriebe/Publikationen/Downloads-Landwirtschaftliche-Betriebe/statistischer-bericht-oekologischer-landbau-2030221239005.xlsx?__blob=publicationFile,statistischer-bericht-oekologischer-landbau-2030221239005.xlsx
https://www.destatis.de/DE/Themen/Staat/Justiz-Rechtspflege/Publikationen/Downloads-Gerichte/statistischer-bericht-verwaltungsgerichte-2100240237005.xlsx?__blob=publicationFile,statistischer-bericht-verwaltungsgerichte-2100240237005.xlsx
https://www.destatis.de/DE/Themen/Branchen-Unternehmen/Landwirtschaft-Forstwirtschaft-Fischerei/Landwirtschaftliche-Betriebe/Publikationen/Downloads-Landwirtschaftliche-Betriebe/statistischer-bericht-betriebe-anlagen-5411204239005.xlsx?__blob=publicationFile,statistischer-bericht-betriebe-anlagen-5411204239005.xlsx
https://www.destatis.de/DE/Themen/Gesellschaft-Umwelt/Bevoelkerung/Sterbefaelle-Lebenserwartung/Publikationen/Downloads-Sterbefaelle/statistischer-bericht-sterbefaelle-5126105217005.xlsx?__blob=publicationFile,statistischer-bericht-sterbefaelle-5126105217005.xlsx
https://www.destatis.de/DE/Themen/Gesellschaft-Umwelt/Bevoelkerung/Migration-Integration/Publikationen/Downloads-Migration/integrationsindikatoren-5122122217005.xlsx?__blob=publicationFile,integrationsindikatoren-5122122217005.xlsx
https://www.destatis.de/DE/Themen/Gesellschaft-Umwelt/Gesundheit/Krankenhaeuser/Publikationen/Downloads-Krankenhaeuser/statistischer-bericht-kostennachweis-krankenhaeuser-2120630227005.xlsx?__blob=publicationFile,statistischer-bericht-kostennachweis-krankenhaeuser-2120630227005.xlsx
https://www.destatis.de/DE/Themen/Gesellschaft-Umwelt/Gesundheit/Krankenhaeuser/Publikationen/Downloads-Krankenhaeuser/operationen-prozeduren-endpunkt-leseprobe-5231402.xlsx?__blob=publicationFile,operationen-prozeduren-endpunkt-leseprobe-5231402.xlsx
https://www.destatis.de/DE/Themen/Gesellschaft-Umwelt/Bevoelkerung/Haushalte-Familien/Publikationen/Downloads-Haushalte/statistischer-bericht-mikrozensus-haushalte-familien-2010300237005-erstergebnisse.xlsx?__blob=publicationFile,statistischer-bericht-mikrozensus-haushalte-familien-2010300237005-erstergebnisse.xlsx
https://www.destatis.de/DE/Themen/Staat/Oeffentlicher-Dienst/Publikationen/Downloads-Oeffentlicher-Dienst/versorgungsempfaenger-2140610227005.xlsx?__blob=publicationFile,versorgungsempfaenger-2140610227005.xlsx
https://www.destatis.de/DE/Themen/Gesellschaft-Umwelt/Umwelt/UGR/ueberblick/Publikationen/Downloads/statistischer-bericht-ugr-ueberblick-5850026239005.xlsx?__blob=publicationFile,statistischer-bericht-ugr-ueberblick-5850026239005.xlsx
https://www.destatis.de/DE/Themen/Gesellschaft-Umwelt/Umwelt/Wasserwirtschaft/Publikationen/Downloads-Wasserwirtschaft/wasserwirtschaft-2190213199005.xlsx?__blob=publicationFile,wasserwirtschaft-2190213199005.xlsx
https://www.destatis.de/DE/Themen/Wirtschaft/Preise/Grosshandelspreisindex/Publikationen/Downloads-Grosshandelspreise/grosshandelsverkaufspreise-altpapier-xlsx-5612802.xlsx?__blob=publicationFile,grosshandelsverkaufspreise-altpapier-xlsx-5612802.xlsx
https://www.destatis.de/DE/Themen/Branchen-Unternehmen/Bauen/Publikationen/Downloads-Bautaetigkeit/baufertigstellungen-baustoff-xlsx-5311202.xlsx?__blob=publicationFile,baufertigstellungen-baustoff-xlsx-5311202.xlsx
https://www.destatis.de/DE/Themen/Gesellschaft-Umwelt/Bevoelkerung/Bevoelkerungsstand/Publikationen/Downloads-Bevoelkerungsstand/statistischer-bericht-bevoelkerungsfortschreibung-2010130227005.xlsx?__blob=publicationFile,statistischer-bericht-bevoelkerungsfortschreibung-2010130227005.xlsx
https://www.destatis.de/DE/Themen/Gesellschaft-Umwelt/Bildung-Forschung-Kultur/Hochschulen/Publikationen/Downloads-Hochschulen/schnellmeldung-ws-vorl-5213103238005.xlsx?__blob=publicationFile,schnellmeldung-ws-vorl-5213103238005.xlsx
https://www.destatis.de/DE/Themen/Gesellschaft-Umwelt/Bevoelkerung/Eheschliessungen-Ehescheidungen-Lebenspartnerschaften/Publikationen/Downloads-Eheschliessungen/statistischer-bericht-eheschliessungen-5126103227005.xlsx?__blob=publicationFile,statistischer-bericht-eheschliessungen-5126103227005.xlsx
https://www.destatis.de/DE/Themen/Gesellschaft-Umwelt/Soziales/Elterngeld/Publikationen/Downloads-Elterngeld/statistischer-bericht-elterngeld-geburten-j-5229201217005.xlsx?__blob=publicationFile,statistischer-bericht-elterngeld-geburten-j-5229201217005.xlsx
https://www.destatis.de/DE/Themen/Gesellschaft-Umwelt/Wohnen/Publikationen/Downloads-Wohnen/fortschreibung-wohnungsbestand-xlsx-5312301.xlsx?__blob=publicationFile,fortschreibung-wohnungsbestand-xlsx-5312301.xlsx
https://www.destatis.de/DE/Themen/Wirtschaft/Preise/Erzeugerpreisindex-gewerbliche-Produkte/Methoden/Downloads/waegungsschema-erzeugerpreise-2015-xlsx.xlsx?__blob=publicationFile,waegungsschema-erzeugerpreise-2015-xlsx.xlsx
https://www.destatis.de/DE/Themen/Gesellschaft-Umwelt/Soziales/Elterngeld/Publikationen/Downloads-Elterngeld/statistischer-bericht-elterngeld-leistungsbezuege-j-5229210237005.xlsx?__blob=publicationFile,statistischer-bericht-elterngeld-leistungsbezuege-j-5229210237005.xlsx
https://www.destatis.de/DE/Themen/Wirtschaft/Volkswirtschaftliche-Gesamtrechnungen-Inlandsprodukt/Publikationen/Downloads-Inlandsprodukt/statistischer-bericht-2180120233245.xlsx?__blob=publicationFile,statistischer-bericht-2180120233245.xlsx
https://www.destatis.de/DE/Themen/Gesellschaft-Umwelt/Umwelt/UGR/energiefluesse-emissionen/Publikationen/Downloads/statistischer-bericht-ugr-luftemissionsrechnung-5851103227005.xlsx?__blob=publicationFile,statistischer-bericht-ugr-luftemissionsrechnung-5851103227005.xlsx
https://www.destatis.de/DE/Themen/Wirtschaft/Volkswirtschaftliche-Gesamtrechnungen-Inlandsprodukt/Publikationen/Downloads-Vermoegensrechnung/vermoegensbilanzen-xlsx-5816103.xlsx?__blob=publicationFile,vermoegensbilanzen-xlsx-5816103.xlsx
https://www.destatis.de/DE/Themen/Gesellschaft-Umwelt/Umwelt/UGR/rohstoffe-materialfluesse-wasser/Publikationen/Downloads/rohstoffaequivalente-5853101189005.xlsx?__blob=publicationFile,rohstoffaequivalente-5853101189005.xlsx
https://www.destatis.de/DE/Themen/Branchen-Unternehmen/Bauen/Publikationen/Downloads-Bautaetigkeit/baugenehmigungen-heizenergie-xlsx-5311001.xlsx?__blob=publicationFile,baugenehmigungen-heizenergie-xlsx-5311001.xlsx
https://www.destatis.de/DE/Themen/Gesellschaft-Umwelt/Bildung-Forschung-Kultur/Hochschulen/Publikationen/Downloads-Hochschulen/statistischer-bericht-studierende-ausland-5217101227005.xlsx?__blob=publicationFile,statistischer-bericht-studierende-ausland-5217101227005.xlsx
https://www.destatis.de/DE/Themen/Gesellschaft-Umwelt/Bevoelkerung/Eheschliessungen-Ehescheidungen-Lebenspartnerschaften/Publikationen/Downloads-Eheschliessungen/statistischer-bericht-eheschliessungen-5126103217005.xlsx?__blob=publicationFile,statistischer-bericht-eheschliessungen-5126103217005.xlsx
https://www.destatis.de/DE/Themen/Gesellschaft-Umwelt/Bevoelkerung/Geburten/Publikationen/Downloads-Geburten/statistischer-bericht-geburten-5126104217005.xlsx?__blob=publicationFile,statistischer-bericht-geburten-5126104217005.xlsx
https://www.destatis.de/DE/Themen/Gesellschaft-Umwelt/Einkommen-Konsum-Lebensbedingungen/Einkommen-Einnahmen-Ausgaben/Publikationen/Downloads-Einkommen/statistischer-bericht-einnahmen-ausgaben-privater-haushalte-2150100227005.xlsx?__blob=publicationFile,statistischer-bericht-einnahmen-ausgaben-privater-haushalte-2150100227005.xlsx
https://www.destatis.de/DE/Themen/Gesellschaft-Umwelt/Bevoelkerung/Haushalte-Familien/Publikationen/Downloads-Haushalte/statistischer-bericht-mikrozensus-haushalte-familien-2010300227005-endergebnisse.xlsx?__blob=publicationFile,statistischer-bericht-mikrozensus-haushalte-familien-2010300227005-endergebnisse.xlsx
https://www.destatis.de/DE/Themen/Gesellschaft-Umwelt/Soziales/Elterngeld/Publikationen/Downloads-Elterngeld/statistischer-bericht-elterngeld-leistungsbezuege-geburten-vj-5229212233245.xlsx?__blob=publicationFile,statistischer-bericht-elterngeld-leistungsbezuege-geburten-vj-5229212233245.xlsx
https://www.destatis.de/DE/Themen/Gesellschaft-Umwelt/Umwelt/Abfallwirtschaft/Publikationen/Downloads-Abfallwirtschaft/statistischer-bericht-abfallbilanz-5321001217005.xlsx?__blob=publicationFile,statistischer-bericht-abfallbilanz-5321001217005.xlsx
https://www.destatis.de/DE/Themen/Gesellschaft-Umwelt/Umwelt/UGR/rohstoffe-materialfluesse-wasser/Publikationen/Downloads/statistischer-bericht-gesamtwirtschaftliches-materialkonto-5851315217005.xlsx?__blob=publicationFile,statistischer-bericht-gesamtwirtschaftliches-materialkonto-5851315217005.xlsx
https://www.destatis.de/DE/Themen/Gesellschaft-Umwelt/Bildung-Forschung-Kultur/Hochschulen/Publikationen/Downloads-Hochschulen/statistischer-bericht-studierende-hochschulen-endg-2110410247005.xlsx?__blob=publicationFile,statistischer-bericht-studierende-hochschulen-endg-2110410247005.xlsx
https://www.destatis.de/DE/Themen/Gesellschaft-Umwelt/Umwelt/Abfallwirtschaft/Publikationen/Downloads-Abfallwirtschaft/statistischer-bericht-abfallentsorgung-2190100227005.xlsx?__blob=publicationFile,statistischer-bericht-abfallentsorgung-2190100227005.xlsx
https://www.destatis.de/DE/Themen/Gesellschaft-Umwelt/Umwelt/Abfallwirtschaft/Publikationen/Downloads-Abfallwirtschaft/statistischer-bericht-abfallbilanz-5321001207005.xlsx?__blob=publicationFile,statistischer-bericht-abfallbilanz-5321001207005.xlsx
https://www.destatis.de/DE/Themen/Wirtschaft/Volkswirtschaftliche-Gesamtrechnungen-Inlandsprodukt/Publikationen/Downloads-Inlandsprodukt/statistischer-bericht-2180120233235.xlsx?__blob=publicationFile,statistischer-bericht-2180120233235.xlsx
https://www.destatis.de/DE/Themen/Gesellschaft-Umwelt/Bildung-Forschung-Kultur/Bildungsfinanzen-Ausbildungsfoerderung/Publikationen/Downloads-Bildungsfinanzen/statistischer-bericht-budget-bildung-5217108227005.xlsx?__blob=publicationFile,statistischer-bericht-budget-bildung-5217108227005.xlsx
https://www.destatis.de/DE/Themen/Gesellschaft-Umwelt/Soziales/Elterngeld/Publikationen/Downloads-Elterngeld/statistischer-bericht-elterngeld-leistungsbezuege-geburten-vj-5229212243215.xlsx?__blob=publicationFile,statistischer-bericht-elterngeld-leistungsbezuege-geburten-vj-5229212243215.xlsx
https://www.destatis.de/DE/Themen/Branchen-Unternehmen/Bauen/Publikationen/Downloads-Bautaetigkeit/baugenehmigungen-neubau-xlsx-5311105.xlsx?__blob=publicationFile,baugenehmigungen-neubau-xlsx-5311105.xlsx
https://www.destatis.de/DE/Themen/Staat/Oeffentliche-Finanzen/Ausgaben-Einnahmen/Publikationen/Downloads-Ausgaben-und-Einnahmen/statistischer-bericht-rechnungsergebnis-kernhaushalt-gemeinden-2140331227005.xlsx?__blob=publicationFile,statistischer-bericht-rechnungsergebnis-kernhaushalt-gemeinden-2140331227005.xlsx
https://www.destatis.de/DE/Themen/Branchen-Unternehmen/Bauen/Publikationen/Downloads-Bautaetigkeit/baugenehmigungen-bauherren-xlsx-5311106.xlsx?__blob=publicationFile,baugenehmigungen-bauherren-xlsx-5311106.xlsx
https://www.destatis.de/DE/Themen/Gesellschaft-Umwelt/Bildung-Forschung-Kultur/Hochschulen/Publikationen/Downloads-Hochschulen/statistischer-bericht-private-hochschulen-5213105227005.xlsx?__blob=publicationFile,statistischer-bericht-private-hochschulen-5213105227005.xlsx
https://www.destatis.de/DE/Themen/Gesellschaft-Umwelt/Bevoelkerung/Geburten/Publikationen/Downloads-Geburten/statistischer-bericht-geburten-5126104227005.xlsx?__blob=publicationFile,statistischer-bericht-geburten-5126104227005.xlsx
https://www.destatis.de/DE/Themen/Gesellschaft-Umwelt/Bildung-Forschung-Kultur/Hochschulen/Publikationen/Downloads-Hochschulen/statistischer-bericht-pruefungen-2110420237005.xlsx?__blob=publicationFile,statistischer-bericht-pruefungen-2110420237005.xlsx
https://www.destatis.de/DE/Themen/Branchen-Unternehmen/Transport-Verkehr/Publikationen/Downloads-Querschnitt/statistischer-bericht-verkehr-2080110241065.xlsx?__blob=publicationFile,statistischer-bericht-verkehr-2080110241065.xlsx
https://www.destatis.de/DE/Themen/Staat/Justiz-Rechtspflege/Publikationen/Downloads-Gerichte/statistischer-bericht-verwaltungsgerichte-2100240227005.xlsx?__blob=publicationFile,statistischer-bericht-verwaltungsgerichte-2100240227005.xlsx
https://www.destatis.de/DE/Themen/Gesellschaft-Umwelt/Bevoelkerung/Bevoelkerungsvorausberechnung/Publikationen/Downloads-Vorausberechnung/statistischer-bericht-pflegekraeftevorausberechnung-2070-5124210249005.xlsx?__blob=publicationFile,statistischer-bericht-pflegekraeftevorausberechnung-2070-5124210249005.xlsx
https://www.destatis.de/DE/Themen/Wirtschaft/Volkswirtschaftliche-Gesamtrechnungen-Inlandsprodukt/Publikationen/Downloads-Inlandsprodukt/statistischer-bericht-2180120233225.xlsx?__blob=publicationFile,statistischer-bericht-2180120233225.xlsx
https://www.destatis.de/DE/Themen/Branchen-Unternehmen/Landwirtschaft-Forstwirtschaft-Fischerei/Produktionsmethoden/Publikationen/Downloads-Produktionsmethoden/statistischer-bericht-bodenmanagement-5411209239005.xlsx?__blob=publicationFile,statistischer-bericht-bodenmanagement-5411209239005.xlsx
https://www.destatis.de/DE/Themen/Staat/Oeffentliche-Finanzen/Ausgaben-Einnahmen/Publikationen/Downloads-Ausgaben-und-Einnahmen/statistischer-bericht-rechnungsergebnis-kommunaler-kern-extrahaushalt-2140330217005.xlsx?__blob=publicationFile,statistischer-bericht-rechnungsergebnis-kommunaler-kern-extrahaushalt-2140330217005.xlsx
https://www.destatis.de/DE/Themen/Branchen-Unternehmen/Bauen/Publikationen/Downloads-Baugewerbe-Konkunktur/lange-reihen-baugewerbe-ausbaugewerbe-xlsx5441001.xlsx?__blob=publicationFile,lange-reihen-baugewerbe-ausbaugewerbe-xlsx5441001.xlsx
https://www.destatis.de/DE/Themen/Branchen-Unternehmen/Bauen/Publikationen/Downloads-Bautaetigkeit/baufertigstellungen-bauherren-xlsx-5311201.xlsx?__blob=publicationFile,baufertigstellungen-bauherren-xlsx-5311201.xlsx
https://www.destatis.de/DE/Themen/Gesellschaft-Umwelt/Bevoelkerung/Sterbefaelle-Lebenserwartung/Publikationen/Downloads-Sterbefaelle/statistischer-bericht-sterbetafeln-5126207227005.xlsx?__blob=publicationFile,statistischer-bericht-sterbetafeln-5126207227005.xlsx
https://www.destatis.de/DE/Themen/Staat/Oeffentlicher-Dienst/Publikationen/Downloads-Oeffentlicher-Dienst/statistischer-bericht-personalstand-oeffentlicher-dienst-2140600227005.xlsx?__blob=publicationFile,statistischer-bericht-personalstand-oeffentlicher-dienst-2140600227005.xlsx
https://www.destatis.de/DE/Themen/Gesellschaft-Umwelt/Umwelt/Umweltoekonomie/Publikationen/Downloads-Umweltoekonomie/statistischer-bericht-gueter-leistungen-umweltschutz-2190330227005.xlsx?__blob=publicationFile,statistischer-bericht-gueter-leistungen-umweltschutz-2190330227005.xlsx
https://www.destatis.de/DE/Themen/Staat/Oeffentliche-Finanzen/Fonds-Einrichtungen-Unternehmen/Methoden/Downloads/liste-extrahaushalte-2024-xlsx.xlsx?__blob=publicationFile,liste-extrahaushalte-2024-xlsx.xlsx
https://www.destatis.de/DE/Methoden/Klassifikationen/Verkehr/aras-schifffahrt-download-excel.xlsx?__blob=publicationFile,aras-schifffahrt-download-excel.xlsx
https://www.destatis.de/DE/Themen/Gesellschaft-Umwelt/Soziales/Elterngeld/Publikationen/Downloads-Elterngeld/statistischer-bericht-elterngeld-leistungsbezuege-geburten-vj-5229212233235.xlsx?__blob=publicationFile,statistischer-bericht-elterngeld-leistungsbezuege-geburten-vj-5229212233235.xlsx
https://www.destatis.de/DE/Themen/Branchen-Unternehmen/Bauen/Publikationen/Downloads-Bautaetigkeit/baugenehmigungen-baukosten-xlsx-5311103.xlsx?__blob=publicationFile,baugenehmigungen-baukosten-xlsx-5311103.xlsx
https://www.destatis.de/DE/Themen/Gesellschaft-Umwelt/Bevoelkerung/Geburten/Publikationen/Downloads-Geburten/statistischer-bericht-frauen-zahl-geborene-Kinder-erstergebnisse-5126106229005.xlsx?__blob=publicationFile,statistischer-bericht-frauen-zahl-geborene-Kinder-erstergebnisse-5126106229005.xlsx
https://www.destatis.de/DE/Themen/Gesellschaft-Umwelt/Bevoelkerung/Eheschliessungen-Ehescheidungen-Lebenspartnerschaften/Publikationen/Downloads-Eheschliessungen/zusammen-eheschliessungen-geborene-gestorbene-5126102217005.xlsx?__blob=publicationFile,zusammen-eheschliessungen-geborene-gestorbene-5126102217005.xlsx
https://www.destatis.de/DE/Themen/Branchen-Unternehmen/Transport-Verkehr/Publikationen/Downloads-Querschnitt/statistischer-bericht-verkehr-2080110241055.xlsx?__blob=publicationFile,statistischer-bericht-verkehr-2080110241055.xlsx
https://www.destatis.de/DE/Themen/Wirtschaft/Preise/Grosshandelspreisindex/Publikationen/Downloads-Grosshandelspreise/grosshandelsverkaufspreise-2170600221125.xlsx?__blob=publicationFile,grosshandelsverkaufspreise-2170600221125.xlsx
https://www.destatis.de/DE/Themen/Gesellschaft-Umwelt/Einkommen-Konsum-Lebensbedingungen/Lebensbedingungen-Armutsgefaehrdung/Publikationen/Downloads-Lebensbedingungen/statistischer-bericht-einkommen-lebensbedingungen-endergebnisse-2150300237005.xlsx?__blob=publicationFile,statistischer-bericht-einkommen-lebensbedingungen-endergebnisse-2150300237005.xlsx
https://www.destatis.de/DE/Service/Hauptstadtkommunikation/Dossiers/bundeswahlrecht-reform-tabellenband.xlsx?__blob=publicationFile,bundeswahlrecht-reform-tabellenband.xlsx
https://www.destatis.de/DE/Themen/Gesellschaft-Umwelt/Bevoelkerung/Sterbefaelle-Lebenserwartung/Publikationen/Downloads-Sterbefaelle/statistischer-bericht-kohortensterbetafeln-5126101239005.xlsx?__blob=publicationFile,statistischer-bericht-kohortensterbetafeln-5126101239005.xlsx
https://www.destatis.de/DE/Themen/Gesellschaft-Umwelt/Bevoelkerung/Sterbefaelle-Lebenserwartung/Publikationen/Downloads-Sterbefaelle/statistischer-bericht-sterbetafeln-5126207217005.xlsx?__blob=publicationFile,statistischer-bericht-sterbetafeln-5126207217005.xlsx
https://www.destatis.de/DE/Themen/Arbeit/Verdienste/Verdienste-Branche-Berufe/Publikationen/Downloads/verdienstindizes-erbbauzins-xlsx-5623207.xlsx?__blob=publicationFile,verdienstindizes-erbbauzins-xlsx-5623207.xlsx
https://www.destatis.de/DE/Themen/Staat/Justiz-Rechtspflege/Publikationen/Downloads-Gerichte/statistischer-bericht-sozialgerichte-2100270237005.xlsx?__blob=publicationFile,statistischer-bericht-sozialgerichte-2100270237005.xlsx
https://www.destatis.de/DE/Themen/Staat/Justiz-Rechtspflege/Publikationen/Downloads-Strafverfolgung-Strafvollzug/statistischer-bericht-strafvollzug-2100410237005.xlsx?__blob=publicationFile,statistischer-bericht-strafvollzug-2100410237005.xlsx
https://www.destatis.de/DE/Themen/Laender-Regionen/Regionales/Gemeindeverzeichnis/Administrativ/Archiv/Verwaltungsgliederung/31121999_Jahr.xlsx?__blob=publicationFile,31121999_Jahr.xlsx
https://www.destatis.de/DE/Themen/Branchen-Unternehmen/Bauen/Publikationen/Downloads-Bautaetigkeit/baugenehmigungen-bauweise-xlsx-5311104.xlsx?__blob=publicationFile,baugenehmigungen-bauweise-xlsx-5311104.xlsx
https://www.destatis.de/DE/Themen/Gesellschaft-Umwelt/Bevoelkerung/Haushalte-Familien/Publikationen/Downloads-Haushalte/statistischer-bericht-mikrozensus-haushalte-familien-vorabergebnisse-2010300238005.xlsx?__blob=publicationFile,statistischer-bericht-mikrozensus-haushalte-familien-vorabergebnisse-2010300238005.xlsx
https://www.destatis.de/DE/Themen/Branchen-Unternehmen/Unternehmen/Gewerbemeldungen-Insolvenzen/Publikationen/Downloads-Gewerbemeldungen/gewerbeanzeigen-2020500241055.xlsx?__blob=publicationFile,gewerbeanzeigen-2020500241055.xlsx
https://www.destatis.de/DE/Themen/Gesellschaft-Umwelt/Gesundheit/Schwangerschaftsabbrueche/Publikationen/Downloads-Schwangerschaftsabbrueche/statistischer-bericht-schwangerschaftsabbrueche-2120300237005.xlsx?__blob=publicationFile,statistischer-bericht-schwangerschaftsabbrueche-2120300237005.xlsx
https://www.destatis.de/DE/Themen/Arbeit/Arbeitsmarkt/Erwerbstaetigkeit/Publikationen/Downloads-Erwerbstaetigkeit/statistischer-bericht-mikrozensus-arbeitsmarkt-2010410217005-erstergebnisse.xlsx?__blob=publicationFile,statistischer-bericht-mikrozensus-arbeitsmarkt-2010410217005-erstergebnisse.xlsx
https://www.destatis.de/DE/Themen/Wirtschaft/Volkswirtschaftliche-Gesamtrechnungen-Inlandsprodukt/Publikationen/Downloads-Input-Output-Rechnung/statistischer-bericht-input-output-rechnung-2180200217005.xlsx?__blob=publicationFile,statistischer-bericht-input-output-rechnung-2180200217005.xlsx
https://www.destatis.de/DE/Themen/Branchen-Unternehmen/Transport-Verkehr/Personenverkehr/Publikationen/Downloads-Luftverkehr/statistischer-bericht-luftverkehr-hauptverkehrsflughaefen-2080600241035.xlsx?__blob=publicationFile,statistischer-bericht-luftverkehr-hauptverkehrsflughaefen-2080600241035.xlsx
https://www.destatis.de/DE/Themen/Branchen-Unternehmen/Bauen/Publikationen/Downloads-Baugewerbe-Konkunktur/lange-reihen-auftragseingang-bestand-baugewerbe-xlsx-5441001.xlsx?__blob=publicationFile,lange-reihen-auftragseingang-bestand-baugewerbe-xlsx-5441001.xlsx
https://www.destatis.de/DE/Themen/Arbeit/Arbeitsmarkt/Erwerbstaetigkeit/Publikationen/Downloads-Erwerbstaetigkeit/erwerbsbeteiligung-bevoelkung-endergebnisse-2010410207005.xlsx?__blob=publicationFile,erwerbsbeteiligung-bevoelkung-endergebnisse-2010410207005.xlsx
https://www.destatis.de/DE/Themen/Wirtschaft/Preise/Erzeugerpreisindex-gewerbliche-Produkte/Publikationen/Downloads-Erzeugerpreise/erzeugerpreise-preisreihe-heizoel-xlsx-5612402.xlsx?__blob=publicationFile,erzeugerpreise-preisreihe-heizoel-xlsx-5612402.xlsx
https://www.destatis.de/DE/Themen/Branchen-Unternehmen/Bauen/Publikationen/Downloads-Bautaetigkeit/baugenehmigungen-gebaeudeart-xlsx-5311102.xlsx?__blob=publicationFile,baugenehmigungen-gebaeudeart-xlsx-5311102.xlsx
https://www.destatis.de/DE/Themen/Wirtschaft/Volkswirtschaftliche-Gesamtrechnungen-Inlandsprodukt/Publikationen/Downloads-Input-Output-Rechnung/statistischer-bericht-input-output-rechnung-2180200197005.xlsx?__blob=publicationFile,statistischer-bericht-input-output-rechnung-2180200197005.xlsx
https://www.destatis.de/DE/Themen/Gesellschaft-Umwelt/Gesundheit/Krankenhaeuser/Publikationen/Downloads-Krankenhaeuser/statistischer-bericht-grunddaten-krankenhaeuser-2120611227005.xlsx?__blob=publicationFile,statistischer-bericht-grunddaten-krankenhaeuser-2120611227005.xlsx
https://www.destatis.de/DE/Themen/Gesellschaft-Umwelt/Bevoelkerung/Eheschliessungen-Ehescheidungen-Lebenspartnerschaften/Publikationen/Downloads-Eheschliessungen/statistischer-bericht-ehescheidungen-eheschliessungen-geborene-gestorbene-zeitreihen-5126107227005.xlsx?__blob=publicationFile,statistischer-bericht-ehescheidungen-eheschliessungen-geborene-gestorbene-zeitreihen-5126107227005.xlsx
https://www.destatis.de/DE/Themen/Branchen-Unternehmen/Landwirtschaft-Forstwirtschaft-Fischerei/Landwirtschaftliche-Betriebe/Publikationen/Downloads-Landwirtschaftliche-Betriebe/unternehmensverflechtungen-5411402209005.xlsx?__blob=publicationFile,unternehmensverflechtungen-5411402209005.xlsx
https://www.destatis.de/DE/Themen/Wirtschaft/Volkswirtschaftliche-Gesamtrechnungen-Inlandsprodukt/Publikationen/Downloads-Inlandsprodukt/konsumausgaben-xlsx-5811109.xlsx?__blob=publicationFile,konsumausgaben-xlsx-5811109.xlsx
https://www.destatis.de/DE/Themen/Staat/Justiz-Rechtspflege/Publikationen/Downloads-Strafverfolgung-Strafvollzug/strafvollzug-2100410227005.xlsx?__blob=publicationFile,strafvollzug-2100410227005.xlsx
https://www.destatis.de/DE/Themen/Gesellschaft-Umwelt/Bildung-Forschung-Kultur/Schulen/Publikationen/Downloads-Schulen/statistischer-bericht-sm-einschulungen-5211101248005.xlsx?__blob=publicationFile,statistischer-bericht-sm-einschulungen-5211101248005.xlsx
https://www.destatis.de/DE/Themen/Gesellschaft-Umwelt/Verkehrsunfaelle/Publikationen/Downloads-Verkehrsunfaelle/statistischer-bericht-verkehrsunfaelle-jahr-2080700237005.xlsx?__blob=publicationFile,statistischer-bericht-verkehrsunfaelle-jahr-2080700237005.xlsx
https://www.destatis.de/DE/Themen/Gesellschaft-Umwelt/Verkehrsunfaelle/Publikationen/Downloads-Verkehrsunfaelle/verkehrsunfaelle-zeitreihen-xlsx-5462403.xlsx?__blob=publicationFile,verkehrsunfaelle-zeitreihen-xlsx-5462403.xlsx
https://www.destatis.de/DE/Themen/Gesellschaft-Umwelt/Gesundheit/Todesursachen/Publikationen/Downloads-Todesursachen/statistischer-bericht-monatliche-todesursachenstatistik-5232102.xlsx?__blob=publicationFile,statistischer-bericht-monatliche-todesursachenstatistik-5232102.xlsx
https://www.destatis.de/DE/Themen/Branchen-Unternehmen/Landwirtschaft-Forstwirtschaft-Fischerei/Landwirtschaftliche-Betriebe/Publikationen/Downloads-Landwirtschaftliche-Betriebe/foerderprogramme-5411206209005.xlsx?__blob=publicationFile,foerderprogramme-5411206209005.xlsx
https://www.destatis.de/DE/Themen/Wirtschaft/Volkswirtschaftliche-Gesamtrechnungen-Inlandsprodukt/Publikationen/Downloads-Inlandsprodukt/statistischer-bericht-2180120233215.xlsx?__blob=publicationFile,statistischer-bericht-2180120233215.xlsx
https://www.destatis.de/DE/Themen/Arbeit/Verdienste/Tarifverdienste-Tarifbindung/Publikationen/Downloads-Tarifverdienste-Tarifbindung/tarifverdienst-lange-reihe-xlsx-5622203.xlsx?__blob=publicationFile,tarifverdienst-lange-reihe-xlsx-5622203.xlsx
https://www.destatis.de/DE/Themen/Wirtschaft/Preise/Verbraucherpreisindex/Publikationen/Downloads-Verbraucherpreise/verbraucherpreisindex-lange-reihen-xlsx-5611103.xlsx?__blob=publicationFile,verbraucherpreisindex-lange-reihen-xlsx-5611103.xlsx
https://www.destatis.de/DE/Themen/Laender-Regionen/Regionales/Gemeindeverzeichnis/Administrativ/Archiv/GVAuszugQ/AuszugGV3QAktuell.xlsx?__blob=publicationFile,AuszugGV3QAktuell.xlsx
https://www.destatis.de/DE/Themen/Gesellschaft-Umwelt/Bevoelkerung/Bevoelkerungsstand/Publikationen/Downloads-Bevoelkerungsstand/bevoelkerungsfortschreibung-2010130217005.xlsx?__blob=publicationFile,bevoelkerungsfortschreibung-2010130217005.xlsx
https://www.destatis.de/DE/Themen/Gesellschaft-Umwelt/Bildung-Forschung-Kultur/Hochschulen/Publikationen/Downloads-Hochschulen/statistischer-bericht-gasthoerer-5213301247005.xlsx?__blob=publicationFile,statistischer-bericht-gasthoerer-5213301247005.xlsx
https://www.destatis.de/DE/Themen/Branchen-Unternehmen/Bauen/Publikationen/Downloads-Bautaetigkeit/baugenehmigungen-baufertigstellungen-xlsx-5311101.xlsx?__blob=publicationFile,baugenehmigungen-baufertigstellungen-xlsx-5311101.xlsx
https://www.destatis.de/DE/Themen/Wirtschaft/Volkswirtschaftliche-Gesamtrechnungen-Inlandsprodukt/Publikationen/Downloads-Input-Output-Rechnung/statistischer-bericht-input-output-rechnung-2180200207005.xlsx?__blob=publicationFile,statistischer-bericht-input-output-rechnung-2180200207005.xlsx
https://www.destatis.de/DE/Themen/Gesellschaft-Umwelt/Umwelt/UGR/umweltschutzausgaben/Publikationen/Downloads/statistischer-bericht-umweltschutzausgaben-5854102.xlsx?__blob=publicationFile,statistischer-bericht-umweltschutzausgaben-5854102.xlsx
https://www.destatis.de/DE/Themen/Gesellschaft-Umwelt/Bevoelkerung/Haushalte-Familien/Publikationen/Downloads-Haushalte/statistischer-bericht-mikrozensus-haushalte-familien-2010300227005-erstergebnisse.xlsx?__blob=publicationFile,statistischer-bericht-mikrozensus-haushalte-familien-2010300227005-erstergebnisse.xlsx
https://www.destatis.de/DE/Themen/Arbeit/Verdienste/Verdienste-Branche-Berufe/Publikationen/Downloads/statistischer-bericht-verdienste-5623601243215.xlsx?__blob=publicationFile,statistischer-bericht-verdienste-5623601243215.xlsx
https://www.destatis.de/DE/Themen/Branchen-Unternehmen/Unternehmen/Gewerbemeldungen-Insolvenzen/Publikationen/Downloads-Gewerbemeldungen/gewerbeanzeigen-2020500241045.xlsx?__blob=publicationFile,gewerbeanzeigen-2020500241045.xlsx
https://www.destatis.de/DE/Themen/Branchen-Unternehmen/Unternehmen/Gewerbemeldungen-Insolvenzen/Publikationen/Downloads-Insolvenzen/insolvenzen-2020410231065.xlsx?__blob=publicationFile,insolvenzen-2020410231065.xlsx
https://www.destatis.de/DE/Themen/Staat/Justiz-Rechtspflege/Publikationen/Downloads-Strafverfolgung-Strafvollzug/strafverfolgung-2100300217005.xlsx?__blob=publicationFile,strafverfolgung-2100300217005.xlsx
https://www.destatis.de/DE/Themen/Staat/Oeffentliche-Finanzen/Ausgaben-Einnahmen/Publikationen/Downloads-Ausgaben-und-Einnahmen/extrahaushalte-laender-5715101237005.xlsx?__blob=publicationFile,extrahaushalte-laender-5715101237005.xlsx
https://www.destatis.de/DE/Themen/Gesellschaft-Umwelt/Umwelt/Wasserwirtschaft/Publikationen/Downloads-Wasserwirtschaft/unfall-wassergefaehrdender-stoff-2190230217005.xlsx?__blob=publicationFile,unfall-wassergefaehrdender-stoff-2190230217005.xlsx
https://www.destatis.de/DE/Themen/Gesellschaft-Umwelt/Bildung-Forschung-Kultur/Schulen/Publikationen/Downloads-Schulen/statistischer-bericht-integrierte-ausbildungsberichterstattung-vorlaeufig-5211002237005.xlsx?__blob=publicationFile,statistischer-bericht-integrierte-ausbildungsberichterstattung-vorlaeufig-5211002237005.xlsx
https://www.destatis.de/DE/Themen/Staat/Oeffentliche-Finanzen/Ausgaben-Einnahmen/Publikationen/Downloads-Ausgaben-und-Einnahmen/statistischer-bericht-kassenergebnis-gesamthaushalt-2140200243215.xlsx?__blob=publicationFile,statistischer-bericht-kassenergebnis-gesamthaushalt-2140200243215.xlsx
https://www.destatis.de/DE/Themen/Gesellschaft-Umwelt/Umwelt/UGR/steuern-weitere-abgaben/Publikationen/Downloads/umweltbezogene-steuern-xlsx-5854201.xlsx?__blob=publicationFile,umweltbezogene-steuern-xlsx-5854201.xlsx
https://www.destatis.de/DE/Themen/Gesellschaft-Umwelt/Soziales/Elterngeld/Publikationen/Downloads-Elterngeld/statistischer-bericht-elterngeld-geburten-j-5229201207005.xlsx?__blob=publicationFile,statistischer-bericht-elterngeld-geburten-j-5229201207005.xlsx
https://www.destatis.de/DE/Themen/Branchen-Unternehmen/Bauen/Publikationen/Downloads-Bautaetigkeit/baugenehmigungen-baustoff-xlsx-5311107.xlsx?__blob=publicationFile,baugenehmigungen-baustoff-xlsx-5311107.xlsx
https://www.destatis.de/DE/Themen/Staat/Oeffentliche-Finanzen/Schulden-Finanzvermoegen/Publikationen/Downloads-Schulden/schulden-oeffentlicher-haushalte-2140500217005.xlsx?__blob=publicationFile,schulden-oeffentlicher-haushalte-2140500217005.xlsx
https://www.destatis.de/DE/Themen/Gesellschaft-Umwelt/Soziales/Elterngeld/Publikationen/Downloads-Elterngeld/statistischer-bericht-elterngeld-leistungsbezuege-vj-5229210233215.xlsx?__blob=publicationFile,statistischer-bericht-elterngeld-leistungsbezuege-vj-5229210233215.xlsx
https://www.destatis.de/DE/Themen/Branchen-Unternehmen/Transport-Verkehr/Publikationen/Downloads-Querschnitt/statistischer-bericht-verkehr-2080110241035.xlsx?__blob=publicationFile,statistischer-bericht-verkehr-2080110241035.xlsx
https://www.destatis.de/DE/Themen/Branchen-Unternehmen/Transport-Verkehr/Personenverkehr/Publikationen/Downloads-Luftverkehr/statistischer-bericht-luftverkehr-hauptverkehrsflughaefen-2080600231105.xlsx?__blob=publicationFile,statistischer-bericht-luftverkehr-hauptverkehrsflughaefen-2080600231105.xlsx
https://www.destatis.de/DE/Themen/Branchen-Unternehmen/Transport-Verkehr/Publikationen/Downloads-Querschnitt/statistischer-bericht-verkehr-2080110231125.xlsx?__blob=publicationFile,statistischer-bericht-verkehr-2080110231125.xlsx
https://www.destatis.de/DE/Themen/Gesellschaft-Umwelt/Bevoelkerung/Haushalte-Familien/Publikationen/Downloads-Haushalte/haushalte-familien-2010300217005.xlsx?__blob=publicationFile,haushalte-familien-2010300217005.xlsx
https://www.destatis.de/DE/Themen/Gesellschaft-Umwelt/Soziales/Elterngeld/Publikationen/Downloads-Elterngeld/statistischer-bericht-elterngeld-leistungsbezuege-j-5229210227005.xlsx?__blob=publicationFile,statistischer-bericht-elterngeld-leistungsbezuege-j-5229210227005.xlsx
https://www.destatis.de/DE/Themen/Gesellschaft-Umwelt/Bevoelkerung/Migration-Integration/Publikationen/Downloads-Migration/statistischer-bericht-migrationshintergrund-erst-2010220237005.xlsx?__blob=publicationFile,statistischer-bericht-migrationshintergrund-erst-2010220237005.xlsx
https://www.destatis.de/DE/Themen/Branchen-Unternehmen/Transport-Verkehr/Publikationen/Downloads-Querschnitt/statistischer-bericht-verkehr-2080110241015.xlsx?__blob=publicationFile,statistischer-bericht-verkehr-2080110241015.xlsx
https://www.destatis.de/DE/Themen/Staat/Justiz-Rechtspflege/Publikationen/Downloads-Gerichte/finanzgerichte-2100250217005.xlsx?__blob=publicationFile,finanzgerichte-2100250217005.xlsx
https://www.destatis.de/DE/Themen/Staat/Oeffentliche-Finanzen/Schulden-Finanzvermoegen/Publikationen/Downloads-Schulden/statistischer-bericht-schulden-2140500217005.xlsx?__blob=publicationFile,statistischer-bericht-schulden-2140500217005.xlsx
https://www.destatis.de/DE/Themen/Staat/Steuern/Umsatzsteuer/Publikationen/Downloads-Umsatzsteuern/statistischer-bericht-umsatzsteuer-2140810227005.xlsx?__blob=publicationFile,statistischer-bericht-umsatzsteuer-2140810227005.xlsx
https://www.destatis.de/DE/Themen/Gesellschaft-Umwelt/Soziales/Elterngeld/Publikationen/Downloads-Elterngeld/statistischer-bericht-elterngeld-leistungsbezuege-geburten-vj-5229212233225.xlsx?__blob=publicationFile,statistischer-bericht-elterngeld-leistungsbezuege-geburten-vj-5229212233225.xlsx
https://www.destatis.de/DE/Themen/Gesellschaft-Umwelt/Umwelt/UGR/rohstoffe-materialfluesse-wasser/Publikationen/Downloads/umweltnutzung-und-wirtschaft-tabelle-5850008197006-teil-4.xlsx?__blob=publicationFile,umweltnutzung-und-wirtschaft-tabelle-5850008197006-teil-4.xlsx
https://www.destatis.de/DE/Themen/Gesellschaft-Umwelt/Bildung-Forschung-Kultur/Bildungsfinanzen-Ausbildungsfoerderung/Publikationen/Downloads-Bildungsfinanzen/finanzen-hochschulen-2110450207005.xlsx?__blob=publicationFile,finanzen-hochschulen-2110450207005.xlsx
https://www.destatis.de/DE/Themen/Gesellschaft-Umwelt/Bevoelkerung/Haushalte-Familien/Publikationen/Downloads-Haushalte/statistischer-bericht-mikrozensus-haushalte-familien-2010300217005-endergebnisse.xlsx?__blob=publicationFile,statistischer-bericht-mikrozensus-haushalte-familien-2010300217005-endergebnisse.xlsx
https://www.destatis.de/DE/Service/Statistik-Campus/ESC/esc_mikrodatensatz.xlsx?__blob=publicationFile,esc_mikrodatensatz.xlsx
https://www.destatis.de/DE/Themen/Branchen-Unternehmen/Transport-Verkehr/Publikationen/Downloads-Querschnitt/statistischer-bericht-verkehr-2080110241025.xlsx?__blob=publicationFile,statistischer-bericht-verkehr-2080110241025.xlsx
https://www.destatis.de/DE/Themen/Branchen-Unternehmen/Landwirtschaft-Forstwirtschaft-Fischerei/Wald-Holz/Publikationen/Downloads-Wald-und-Holz/betriebe-waldflaechen-2030211169005.xlsx?__blob=publicationFile,betriebe-waldflaechen-2030211169005.xlsx
https://www.destatis.de/DE/Themen/Gesellschaft-Umwelt/Gesundheit/Krankenhaeuser/Publikationen/Downloads-Krankenhaeuser/statistischer-bericht-operationen-prozeduren-5231401227015.xlsx?__blob=publicationFile,statistischer-bericht-operationen-prozeduren-5231401227015.xlsx
https://www.destatis.de/DE/Themen/Wirtschaft/Volkswirtschaftliche-Gesamtrechnungen-Inlandsprodukt/Publikationen/Downloads-Vermoegensrechnung/anlagevermoegen-sektoren-5816101207005.xlsx?__blob=publicationFile,anlagevermoegen-sektoren-5816101207005.xlsx
https://www.destatis.de/DE/Themen/Gesellschaft-Umwelt/Gesundheit/Krankenhaeuser/Publikationen/Downloads-Krankenhaeuser/grunddaten-krankenhaeuser-2120611217005.xlsx?__blob=publicationFile,grunddaten-krankenhaeuser-2120611217005.xlsx
https://www.destatis.de/DE/Themen/Branchen-Unternehmen/Bauen/Publikationen/Downloads-Baugewerbe-Konkunktur/lange-reihen-auftragseingang-baugewerbe-xlsx-5441101.xlsx?__blob=publicationFile,lange-reihen-auftragseingang-baugewerbe-xlsx-5441101.xlsx
https://www.destatis.de/DE/Themen/Gesellschaft-Umwelt/Umwelt/UGR/energiefluesse-emissionen/Publikationen/Downloads/statistischer-bericht-ugr-energiegesamtrechnung-5850014227005.xlsx?__blob=publicationFile,statistischer-bericht-ugr-energiegesamtrechnung-5850014227005.xlsx
https://www.destatis.de/DE/Themen/Laender-Regionen/Regionales/Gemeindeverzeichnis/Namens-Grenz-Aenderung/2000.xlsx?__blob=publicationFile,2000.xlsx
https://www.destatis.de/DE/Themen/Laender-Regionen/Regionales/Gemeindeverzeichnis/Administrativ/Archiv/GVAuszugJ/31122000_Auszug_GV.xlsx?__blob=publicationFile,31122000_Auszug_GV.xlsx
https://www.destatis.de/DE/Themen/Branchen-Unternehmen/Landwirtschaft-Forstwirtschaft-Fischerei/Fischerei/Publikationen/Downloads-Fischerei/statistischer-bericht-aquakultur-2030460227005.xlsx?__blob=publicationFile,statistischer-bericht-aquakultur-2030460227005.xlsx
https://www.destatis.de/DE/Themen/Arbeit/Arbeitsmarkt/Erwerbstaetigkeit/Publikationen/Downloads-Erwerbstaetigkeit/erwerbsbeteiligung-bevoelkung-2010410207005.xlsx?__blob=publicationFile,erwerbsbeteiligung-bevoelkung-2010410207005.xlsx
https://www.destatis.de/DE/Themen/Arbeit/Verdienste/Verdienste-Branche-Berufe/Publikationen/Downloads/verdienststrukturerhebung-heft-2-2162002189005.xlsx?__blob=publicationFile,verdienststrukturerhebung-heft-2-2162002189005.xlsx
https://www.destatis.de/DE/Themen/Branchen-Unternehmen/Gastgewerbe-Tourismus/Publikationen/Downloads-Tourismus/tourismus-in-zahlen-1021500197005.xlsx?__blob=publicationFile,tourismus-in-zahlen-1021500197005.xlsx
https://www.destatis.de/DE/Themen/Gesellschaft-Umwelt/Soziales/Wohngeld/Publikationen/Downloads-Wohngeld/wohngeld-2130400177005.xlsx?__blob=publicationFile,wohngeld-2130400177005.xlsx
https://www.destatis.de/DE/Themen/Gesellschaft-Umwelt/Bevoelkerung/Eheschliessungen-Ehescheidungen-Lebenspartnerschaften/Publikationen/Downloads-Eheschliessungen/scheidungsstatistik-2010140167005.xlsx?__blob=publicationFile,scheidungsstatistik-2010140167005.xlsx
https://www.destatis.de/DE/Themen/Gesellschaft-Umwelt/Bevoelkerung/Migration-Integration/Publikationen/Downloads-Migration/statistischer-bericht-migrationshintergrund-end-2010220227005.xlsx?__blob=publicationFile,statistischer-bericht-migrationshintergrund-end-2010220227005.xlsx
https://www.destatis.de/DE/Themen/Gesellschaft-Umwelt/Bildung-Forschung-Kultur/Berufliche-Bildung/Publikationen/Downloads-Berufliche-Bildung/statistischer-bericht-auslaendische-berufsqualifikation-5212301227005.xlsx?__blob=publicationFile,statistischer-bericht-auslaendische-berufsqualifikation-5212301227005.xlsx
https://www.destatis.de/DE/Themen/Branchen-Unternehmen/Transport-Verkehr/Gueterverkehr/Publikationen/Downloads-Schifffahrt/seeschifffahrt-monat-2080500221095.xlsx?__blob=publicationFile,seeschifffahrt-monat-2080500221095.xlsx
https://www.destatis.de/DE/Themen/Gesellschaft-Umwelt/Bevoelkerung/Haushalte-Familien/Publikationen/Downloads-Haushalte/statistischer-bericht-mikrozensus-haushalte-familien-2010300217005.xlsx?__blob=publicationFile,statistischer-bericht-mikrozensus-haushalte-familien-2010300217005.xlsx
https://www.destatis.de/DE/Themen/Branchen-Unternehmen/Landwirtschaft-Forstwirtschaft-Fischerei/Wein/Publikationen/Downloads-Wein/weinbestaende-2030323227005.xlsx?__blob=publicationFile,weinbestaende-2030323227005.xlsx
https://www.destatis.de/DE/Themen/Gesellschaft-Umwelt/Umwelt/Abfallwirtschaft/Publikationen/Downloads-Abfallwirtschaft/abfallbilanz-xlsx-5321001.xlsx?__blob=publicationFile,abfallbilanz-xlsx-5321001.xlsx
https://www.destatis.de/DE/Themen/Branchen-Unternehmen/Gastgewerbe-Tourismus/Publikationen/Downloads-Tourismus/monatserhebung-tourismus-2060710221125.xlsx?__blob=publicationFile,monatserhebung-tourismus-2060710221125.xlsx
https://www.destatis.de/DE/Themen/Gesellschaft-Umwelt/Bildung-Forschung-Kultur/Hochschulen/Publikationen/Downloads-Hochschulen/statistischer-bericht-studierende-hochschulen-endg-2110410237005.xlsx?__blob=publicationFile,statistischer-bericht-studierende-hochschulen-endg-2110410237005.xlsx
https://www.destatis.de/DE/Themen/Wirtschaft/Preise/Einfuhrpreisindex-Ausfuhrpreisindex/Publikationen/Downloads-Ein-und-Ausfuhrpreisindex/einfuhr-und-ausfuhrpreise-xlsx-5614001.xlsx?__blob=publicationFile,einfuhr-und-ausfuhrpreise-xlsx-5614001.xlsx
https://www.destatis.de/DE/Themen/Staat/Oeffentlicher-Dienst/Publikationen/Downloads-Oeffentlicher-Dienst/personal-oeffentlicher-dienst-2140600217005.xlsx?__blob=publicationFile,personal-oeffentlicher-dienst-2140600217005.xlsx
https://www.destatis.de/DE/Themen/Gesellschaft-Umwelt/Bevoelkerung/Geburten/Publikationen/Downloads-Geburten/bevoelkerungsbewegung-2010110157005.xlsx?__blob=publicationFile,bevoelkerungsbewegung-2010110157005.xlsx
https://www.destatis.de/DE/Themen/Branchen-Unternehmen/Gastgewerbe-Tourismus/Publikationen/Downloads-Tourismus/monatserhebung-tourismus-halbjahr-2060710225325.xlsx?__blob=publicationFile,monatserhebung-tourismus-halbjahr-2060710225325.xlsx
https://www.destatis.de/DE/Themen/Gesellschaft-Umwelt/Bildung-Forschung-Kultur/Hochschulen/Publikationen/Downloads-Hochschulen/pruefungen-hochschulen-2110420217005.xlsx?__blob=publicationFile,pruefungen-hochschulen-2110420217005.xlsx
https://www.destatis.de/DE/Themen/Arbeit/Verdienste/Verdienste-Branche-Berufe/Publikationen/Downloads/verdienststrukturerhebung-heft-3-2162003189005.xlsx?__blob=publicationFile,verdienststrukturerhebung-heft-3-2162003189005.xlsx
https://www.destatis.de/DE/Themen/Gesellschaft-Umwelt/Bildung-Forschung-Kultur/Hochschulen/Publikationen/Downloads-Hochschulen/private-hochschulen-5213105217005.xlsx?__blob=publicationFile,private-hochschulen-5213105217005.xlsx
https://www.destatis.de/DE/Themen/Gesellschaft-Umwelt/Umwelt/Abfallwirtschaft/Publikationen/Downloads-Abfallwirtschaft/statistischer-bericht-abfallentsorgung-2190100217005.xlsx?__blob=publicationFile,statistischer-bericht-abfallentsorgung-2190100217005.xlsx
https://www.destatis.de/DE/Themen/Gesellschaft-Umwelt/Umwelt/Umweltoekonomie/Publikationen/Downloads-Umweltoekonomie/statistischer-bericht-gueter-leistungen-umweltschutz-2190330217005.xlsx?__blob=publicationFile,statistischer-bericht-gueter-leistungen-umweltschutz-2190330217005.xlsx
https://www.destatis.de/DE/Themen/Gesellschaft-Umwelt/Umwelt/Wasserwirtschaft/Publikationen/Downloads-Wasserwirtschaft/wassergefaehrdende-stoffe-5323301197005.xlsx?__blob=publicationFile,wassergefaehrdende-stoffe-5323301197005.xlsx
https://www.destatis.de/DE/Themen/Gesellschaft-Umwelt/Bevoelkerung/Migration-Integration/Publikationen/Downloads-Migration/einbuergerungen-2010210217005.xlsx?__blob=publicationFile,einbuergerungen-2010210217005.xlsx
https://www.destatis.de/DE/Themen/Gesellschaft-Umwelt/Gesundheit/Schwangerschaftsabbrueche/Publikationen/Downloads-Schwangerschaftsabbrueche/schwangerschaftsabbrueche-2120300217005.xlsx?__blob=publicationFile,schwangerschaftsabbrueche-2120300217005.xlsx
https://www.destatis.de/DE/Themen/Branchen-Unternehmen/Transport-Verkehr/Publikationen/Downloads-Querschnitt/statistischer-bericht-verkehr-2080110231115.xlsx?__blob=publicationFile,statistischer-bericht-verkehr-2080110231115.xlsx
https://www.destatis.de/DE/Themen/Arbeit/Verdienste/Verdienste-Branche-Berufe/Publikationen/Downloads/verdienststrukturerhebung-heft-1-2162001189005.xlsx?__blob=publicationFile,verdienststrukturerhebung-heft-1-2162001189005.xlsx
https://www.destatis.de/DE/Themen/Branchen-Unternehmen/Gastgewerbe-Tourismus/Publikationen/Downloads-Tourismus/monatserhebung-tourismus-2060710221115.xlsx?__blob=publicationFile,monatserhebung-tourismus-2060710221115.xlsx
https://www.destatis.de/DE/Themen/Gesellschaft-Umwelt/Bevoelkerung/Eheschliessungen-Ehescheidungen-Lebenspartnerschaften/Publikationen/Downloads-Eheschliessungen/statistischer-bericht-ehescheidungen-eheschliessungen-geborene-gestorbene-5126001227005.xlsx?__blob=publicationFile,statistischer-bericht-ehescheidungen-eheschliessungen-geborene-gestorbene-5126001227005.xlsx
https://www.destatis.de/DE/Themen/Wirtschaft/Aussenhandel/Publikationen/Downloads-Aussenhandel/zusammenfassende-uebersichten-jahr-endgueltig-2070100207005.xlsx?__blob=publicationFile,zusammenfassende-uebersichten-jahr-endgueltig-2070100207005.xlsx
https://www.destatis.de/DE/Themen/Branchen-Unternehmen/Transport-Verkehr/Personenverkehr/Publikationen/Downloads-Luftverkehr/statistischer-bericht-luftverkehr-hauptverkehrsflughaefen-2080600231125.xlsx?__blob=publicationFile,statistischer-bericht-luftverkehr-hauptverkehrsflughaefen-2080600231125.xlsx
https://www.destatis.de/DE/Themen/Gesellschaft-Umwelt/Bildung-Forschung-Kultur/Schulen/Publikationen/Downloads-Schulen/schnellmeldung-einschulungen-5211101228005.xlsx?__blob=publicationFile,schnellmeldung-einschulungen-5211101228005.xlsx
https://www.destatis.de/DE/Themen/Gesellschaft-Umwelt/Bildung-Forschung-Kultur/Bildungsfinanzen-Ausbildungsfoerderung/Publikationen/Downloads-Bildungsfinanzen/statistischer-bericht-budget-bildung-5217108217005.xlsx?__blob=publicationFile,statistischer-bericht-budget-bildung-5217108217005.xlsx
https://www.destatis.de/DE/Themen/Wirtschaft/Volkswirtschaftliche-Gesamtrechnungen-Inlandsprodukt/Tabellen/inlandsprodukt-revision2014-tabellen.xlsx?__blob=publicationFile,inlandsprodukt-revision2014-tabellen.xlsx
https://www.destatis.de/DE/Themen/Gesellschaft-Umwelt/Bildung-Forschung-Kultur/Bildungsfinanzen-Ausbildungsfoerderung/Publikationen/Downloads-Bildungsfinanzen/bildungsfinanzbericht-tabellenteil-5217102197005.xlsx?__blob=publicationFile,bildungsfinanzbericht-tabellenteil-5217102197005.xlsx
https://www.destatis.de/DE/Themen/Staat/Oeffentliche-Finanzen/Ausgaben-Einnahmen/Publikationen/Downloads-Ausgaben-und-Einnahmen/rechnungsergebnis-soziale-sicherung-2140350117005.xlsx?__blob=publicationFile,rechnungsergebnis-soziale-sicherung-2140350117005.xlsx
https://www.destatis.de/DE/Themen/Staat/Justiz-Rechtspflege/Publikationen/Downloads-Gerichte/arbeitsgerichte-2100280217005.xlsx?__blob=publicationFile,arbeitsgerichte-2100280217005.xlsx
https://www.destatis.de/DE/Themen/Branchen-Unternehmen/Transport-Verkehr/Publikationen/Downloads-Querschnitt/statistischer-bericht-verkehr-2080110231105.xlsx?__blob=publicationFile,statistischer-bericht-verkehr-2080110231105.xlsx
https://www.destatis.de/DE/Themen/Gesellschaft-Umwelt/Soziales/Kinderschutz/Publikationen/Downloads-Kinderschutz/vorlaeufige-schutzmassnahmen-5225203217005.xlsx?__blob=publicationFile,vorlaeufige-schutzmassnahmen-5225203217005.xlsx
https://www.destatis.de/DE/Themen/Branchen-Unternehmen/Transport-Verkehr/Publikationen/Downloads-Querschnitt/statistischer-bericht-verkehr-2080110231085.xlsx?__blob=publicationFile,statistischer-bericht-verkehr-2080110231085.xlsx
https://www.destatis.de/DE/Themen/Arbeit/Arbeitsmarkt/Erwerbstaetigkeit/Publikationen/Downloads-Erwerbstaetigkeit/erwerbspersonenvorausberechnung5124208209005.xlsx?__blob=publicationFile,erwerbspersonenvorausberechnung5124208209005.xlsx
https://www.destatis.de/DE/Themen/Gesellschaft-Umwelt/Bildung-Forschung-Kultur/Schulen/Publikationen/Downloads-Schulen/statistischer-bericht-integrierte-ausbildungsberichterstattung-5211201227005.xlsx?__blob=publicationFile,statistischer-bericht-integrierte-ausbildungsberichterstattung-5211201227005.xlsx
https://www.destatis.de/DE/Themen/Gesellschaft-Umwelt/Nachhaltigkeitsindikatoren/Publikationen/Downloads-Nachhaltigkeit/machbarkeitsstudie-indikatoren-nachhaltigkeit-5911101159005.xlsx?__blob=publicationFile,machbarkeitsstudie-indikatoren-nachhaltigkeit-5911101159005.xlsx
https://www.destatis.de/DE/Themen/Gesellschaft-Umwelt/Soziales/Adoptionen/Publikationen/Downloads/pflege-vormund-beistandschaft-pflegeerlaubnis-5225202187005.xlsx?__blob=publicationFile,pflege-vormund-beistandschaft-pflegeerlaubnis-5225202187005.xlsx
https://www.destatis.de/DE/Themen/Branchen-Unternehmen/Transport-Verkehr/Publikationen/Downloads-Querschnitt/statistischer-bericht-verkehr-2080110231075.xlsx?__blob=publicationFile,statistischer-bericht-verkehr-2080110231075.xlsx
https://www.destatis.de/DE/Themen/Staat/Oeffentliche-Finanzen/Ausgaben-Einnahmen/Publikationen/Downloads-Ausgaben-und-Einnahmen/statistischer-bericht-rechnungsergebnis-kommunaler-kern-extrahaushalt-2140330207005.xlsx?__blob=publicationFile,statistischer-bericht-rechnungsergebnis-kommunaler-kern-extrahaushalt-2140330207005.xlsx
https://www.destatis.de/DE/Themen/Gesellschaft-Umwelt/Bildung-Forschung-Kultur/Hochschulen/Publikationen/Downloads-Hochschulen/statistischer-bericht-hochschulpersonal-2110440227005.xlsx?__blob=publicationFile,statistischer-bericht-hochschulpersonal-2110440227005.xlsx
https://www.destatis.de/DE/Themen/Gesellschaft-Umwelt/Einkommen-Konsum-Lebensbedingungen/Lebensbedingungen-Armutsgefaehrdung/Publikationen/Downloads-Lebensbedingungen/statistischer-bericht-einkommen-lebensbedingungen-erstergebnisse-2150300227005.xlsx?__blob=publicationFile,statistischer-bericht-einkommen-lebensbedingungen-erstergebnisse-2150300227005.xlsx
https://www.destatis.de/DE/Themen/Staat/Oeffentliche-Finanzen/Fonds-Einrichtungen-Unternehmen/Methoden/Downloads/liste-extrahaushalte-2023-xlsx.xlsx?__blob=publicationFile,liste-extrahaushalte-2023-xlsx.xlsx
https://www.destatis.de/DE/Themen/Gesellschaft-Umwelt/Bildung-Forschung-Kultur/Schulen/Publikationen/Downloads-Schulen/statistischer-bericht-berufliche-schulen-2110200227005.xlsx?__blob=publicationFile,statistischer-bericht-berufliche-schulen-2110200227005.xlsx
https://www.destatis.de/DE/Themen/Branchen-Unternehmen/Transport-Verkehr/Publikationen/Downloads-Querschnitt/statistischer-bericht-verkehr-2080110231095.xlsx?__blob=publicationFile,statistischer-bericht-verkehr-2080110231095.xlsx
https://www.destatis.de/DE/Themen/Branchen-Unternehmen/Landwirtschaft-Forstwirtschaft-Fischerei/Wald-Holz/Publikationen/Downloads-Wald-und-Holz/holzeinschlag-2030331217005.xlsx?__blob=publicationFile,holzeinschlag-2030331217005.xlsx
https://www.destatis.de/DE/Themen/Gesellschaft-Umwelt/Bildung-Forschung-Kultur/Schulen/Publikationen/Downloads-Schulen/berufliche-schulen-2110200217005.xlsx?__blob=publicationFile,berufliche-schulen-2110200217005.xlsx
https://www.destatis.de/DE/Themen/Wirtschaft/Aussenhandel/Publikationen/Downloads-Aussenhandel/zusammenfassende-uebersichten-jahr-vorlaeufig-xlsx-2070100.xlsx?__blob=publicationFile,zusammenfassende-uebersichten-jahr-vorlaeufig-xlsx-2070100.xlsx
https://www.destatis.de/DE/Themen/Laender-Regionen/Regionales/Gemeindeverzeichnis/Administrativ/Archiv/Standardtabellen/05_StaedteVorjahr.xlsx?__blob=publicationFile,05_StaedteVorjahr.xlsx
https://www.destatis.de/DE/Themen/Staat/Oeffentliche-Finanzen/Ausgaben-Einnahmen/Publikationen/Downloads-Ausgaben-und-Einnahmen/statistischer-bericht-rechnungsergebnis-oeffentlicher-haushalt-2140310197015.xlsx?__blob=publicationFile,statistischer-bericht-rechnungsergebnis-oeffentlicher-haushalt-2140310197015.xlsx
https://www.destatis.de/DE/Themen/Gesellschaft-Umwelt/Gesundheit/Krankenhaeuser/Publikationen/Downloads-Krankenhaeuser/krankenhausverzeichnis-3500100227005.xlsx?__blob=publicationFile,krankenhausverzeichnis-3500100227005.xlsx
https://www.destatis.de/DE/Themen/Gesellschaft-Umwelt/Bevoelkerung/Haushalte-Familien/Publikationen/Downloads-Haushalte/geburtentrends-tabellenband-5122203189015.xlsx?__blob=publicationFile,geburtentrends-tabellenband-5122203189015.xlsx
https://www.destatis.de/DE/Themen/Staat/Justiz-Rechtspflege/Publikationen/Downloads-Gerichte/verwaltungsgerichte-2100240217005.xlsx?__blob=publicationFile,verwaltungsgerichte-2100240217005.xlsx
https://www.destatis.de/DE/Themen/Branchen-Unternehmen/Transport-Verkehr/Personenverkehr/Publikationen/Downloads-Luftverkehr/statistischer-bericht-luftverkehr-2080620227005.xlsx?__blob=publicationFile,statistischer-bericht-luftverkehr-2080620227005.xlsx
https://www.destatis.de/DE/Themen/Staat/Steuern/Lohnsteuer-Einkommensteuer/Publikationen/Downloads-Lohn-und-Einkommenssteuern/statistischer-bericht-personengesellschaften-gemeinschaften-5731101197005.xlsx?__blob=publicationFile,statistischer-bericht-personengesellschaften-gemeinschaften-5731101197005.xlsx
https://www.destatis.de/DE/Themen/Arbeit/Verdienste/Tarifverdienste-Tarifbindung/Publikationen/Downloads-Tarifverdienste-Tarifbindung/tarifbindung-5622103189005.xlsx?__blob=publicationFile,tarifbindung-5622103189005.xlsx
https://www.destatis.de/DE/Themen/Staat/Oeffentliche-Finanzen/Fonds-Einrichtungen-Unternehmen/Methoden/Downloads/liste-extrahaushalte-2023-stand-30-juni-2023-xlsx.xlsx?__blob=publicationFile,liste-extrahaushalte-2023-stand-30-juni-2023-xlsx.xlsx
https://www.destatis.de/DE/Themen/Branchen-Unternehmen/Transport-Verkehr/Publikationen/Downloads-Querschnitt/statistischer-bericht-verkehr-2080110231065.xlsx?__blob=publicationFile,statistischer-bericht-verkehr-2080110231065.xlsx
https://www.destatis.de/DE/Themen/Gesellschaft-Umwelt/Bildung-Forschung-Kultur/Schulen/Publikationen/Downloads-Schulen/allgemeinbildende-schulen-2110100217005.xlsx?__blob=publicationFile,allgemeinbildende-schulen-2110100217005.xlsx
https://www.destatis.de/DE/Themen/Arbeit/Verdienste/Verdienste-Branche-Berufe/Publikationen/Downloads/statistischer-bericht-verdienste-5623601233245.xlsx?__blob=publicationFile,statistischer-bericht-verdienste-5623601233245.xlsx
https://www.destatis.de/DE/Themen/Branchen-Unternehmen/Landwirtschaft-Forstwirtschaft-Fischerei/Tiere-Tierische-Erzeugung/Publikationen/Downloads-Tiere-und-tierische-Erzeugung/viehbestand-2030410225325.xlsx?__blob=publicationFile,viehbestand-2030410225325.xlsx
https://www.destatis.de/DE/Themen/Gesellschaft-Umwelt/Gesundheit/Schwangerschaftsabbrueche/Publikationen/Downloads-Schwangerschaftsabbrueche/statistischer-bericht-schwangerschaftsabbrueche-2120300227005.xlsx?__blob=publicationFile,statistischer-bericht-schwangerschaftsabbrueche-2120300227005.xlsx
https://www.destatis.de/DE/Themen/Gesellschaft-Umwelt/Bevoelkerung/Wanderungen/Tabellen/zuwanderungsgruppen-excel.xlsx?__blob=publicationFile,zuwanderungsgruppen-excel.xlsx
https://www.destatis.de/DE/Themen/Gesellschaft-Umwelt/Bevoelkerung/Haushalte-Familien/Publikationen/Downloads-Haushalte/alleinerziehende-tabellenband-5122124179005.xlsx?__blob=publicationFile,alleinerziehende-tabellenband-5122124179005.xlsx
https://www.destatis.de/DE/Themen/Gesellschaft-Umwelt/Bevoelkerung/Bevoelkerungsstand/Publikationen/Downloads-Bevoelkerungsstand/rueckgerechnete-bevoelkerung-5124105119005.xlsx?__blob=publicationFile,rueckgerechnete-bevoelkerung-5124105119005.xlsx
https://www.destatis.de/DE/Themen/Gesellschaft-Umwelt/Umwelt/UGR/verkehr-tourismus/Publikationen/Downloads/statistischer-bericht-umweltwirkungen-tourismus-5855401207005.xlsx?__blob=publicationFile,statistischer-bericht-umweltwirkungen-tourismus-5855401207005.xlsx
https://www.destatis.de/DE/Themen/Gesellschaft-Umwelt/Gesundheit/Vorsorgeeinrichtungen-Rehabilitationseinrichtungen/Publikationen/Downloads-Vorsorge-oder-Reha/grunddaten-vorsorge-reha-2120612167005.xlsx?__blob=publicationFile,grunddaten-vorsorge-reha-2120612167005.xlsx
https://www.destatis.de/DE/Themen/Branchen-Unternehmen/Dienstleistungen/Publikationen/Downloads-Dienstleistungen-Struktur/reparatur-gueter-2090460197005.xlsx?__blob=publicationFile,reparatur-gueter-2090460197005.xlsx
https://www.destatis.de/DE/Themen/Branchen-Unternehmen/Industrie-Verarbeitendes-Gewerbe/Publikationen/Downloads-Fachstatistiken/duengemittelversorgung-jahr-2040820217005.xlsx?__blob=publicationFile,duengemittelversorgung-jahr-2040820217005.xlsx
https://www.destatis.de/DE/Themen/Gesellschaft-Umwelt/Soziales/Adoptionen/Publikationen/Downloads/adoptionen-5225201217005.xlsx?__blob=publicationFile,adoptionen-5225201217005.xlsx
https://www.destatis.de/DE/Themen/Branchen-Unternehmen/Transport-Verkehr/Personenverkehr/Publikationen/Downloads-Luftverkehr/statistischer-bericht-luftverkehr-hauptverkehrsflughaefen-2080600241015.xlsx?__blob=publicationFile,statistischer-bericht-luftverkehr-hauptverkehrsflughaefen-2080600241015.xlsx
https://www.destatis.de/DE/Themen/Branchen-Unternehmen/Transport-Verkehr/Publikationen/Downloads-Querschnitt/verkehr-aktuell-xlsx-2080110.xlsx?__blob=publicationFile,verkehr-aktuell-xlsx-2080110.xlsx
https://www.destatis.de/DE/Themen/Gesellschaft-Umwelt/Bildung-Forschung-Kultur/Schulen/Publikationen/Downloads-Schulen/statistischer-bericht-allgemeinbildende-schulen-2110100227005.xlsx?__blob=publicationFile,statistischer-bericht-allgemeinbildende-schulen-2110100227005.xlsx
https://www.destatis.de/DE/Themen/Gesellschaft-Umwelt/Bildung-Forschung-Kultur/Schulen/Publikationen/Downloads-Schulen/schnellmeldung-studienberechtigte-xlsx-5211001.xlsx?__blob=publicationFile,schnellmeldung-studienberechtigte-xlsx-5211001.xlsx
https://www.destatis.de/DE/Themen/Gesellschaft-Umwelt/Bevoelkerung/Wanderungen/Publikationen/Downloads-Wanderungen/wanderungen-2010120217005.xlsx?__blob=publicationFile,wanderungen-2010120217005.xlsx
https://www.destatis.de/DE/Themen/Gesellschaft-Umwelt/Bildung-Forschung-Kultur/Schulen/Publikationen/Downloads-Schulen/statistischer-bericht-studienberechtigte-schnellmeldung-5211001228005.xlsx?__blob=publicationFile,statistischer-bericht-studienberechtigte-schnellmeldung-5211001228005.xlsx
https://www.destatis.de/DE/Themen/Branchen-Unternehmen/Landwirtschaft-Forstwirtschaft-Fischerei/Fischerei/Publikationen/Downloads-Fischerei/aquakulturbetriebe-2030460217005.xlsx?__blob=publicationFile,aquakulturbetriebe-2030460217005.xlsx
https://www.destatis.de/DE/Themen/Branchen-Unternehmen/Landwirtschaft-Forstwirtschaft-Fischerei/Obst-Gemuese-Gartenbau/Publikationen/Downloads-Gemuese/statistischer-bericht-gemueseerhebung-2030313237005.xlsx?__blob=publicationFile,statistischer-bericht-gemueseerhebung-2030313237005.xlsx
https://www.destatis.de/DE/Themen/Gesellschaft-Umwelt/Bildung-Forschung-Kultur/Schulen/Publikationen/Downloads-Schulen/statistischer-bericht-sm-schueler-5211003248005.xlsx?__blob=publicationFile,statistischer-bericht-sm-schueler-5211003248005.xlsx
https://www.destatis.de/DE/Themen/Gesellschaft-Umwelt/Bildung-Forschung-Kultur/Schulen/Methoden/datenbank.xlsx?__blob=publicationFile,datenbank.xlsx
https://www.destatis.de/DE/Themen/Wirtschaft/Volkswirtschaftliche-Gesamtrechnungen-Inlandsprodukt/Publikationen/Downloads-Inlandsprodukt/inlandsprodukt-erste-ergebnisse-xlsx-2180110.xlsx?__blob=publicationFile,inlandsprodukt-erste-ergebnisse-xlsx-2180110.xlsx
https://www.destatis.de/DE/Themen/Gesellschaft-Umwelt/Bildung-Forschung-Kultur/Hochschulen/Publikationen/Downloads-Hochschulen/studierende-hochschulen-endg-2110410227005.xlsx?__blob=publicationFile,studierende-hochschulen-endg-2110410227005.xlsx
https://www.destatis.de/DE/Themen/Gesellschaft-Umwelt/Bildung-Forschung-Kultur/Bildungsfinanzen-Ausbildungsfoerderung/Publikationen/Downloads-Bildungsfinanzen/finanzen-private-hochschulen-5213702207005.xlsx?__blob=publicationFile,finanzen-private-hochschulen-5213702207005.xlsx
https://www.destatis.de/DE/Themen/Gesellschaft-Umwelt/Bildung-Forschung-Kultur/Schulen/Publikationen/Downloads-Schulen/statistischer-bericht-integrierte-ausbildungsberichterstattung-vorlaeufig-5211002227005.xlsx?__blob=publicationFile,statistischer-bericht-integrierte-ausbildungsberichterstattung-vorlaeufig-5211002227005.xlsx
https://www.destatis.de/DE/Themen/Gesellschaft-Umwelt/Soziales/Elterngeld/Publikationen/Downloads-Elterngeld/elterngeld-geburten-kreise-5229204197005.xlsx?__blob=publicationFile,elterngeld-geburten-kreise-5229204197005.xlsx
https://www.destatis.de/DE/Themen/Staat/Justiz-Rechtspflege/Publikationen/Downloads-Strafverfolgung-Strafvollzug/krankenhaus-massregelvollzug-5243202149005.xlsx?__blob=publicationFile,krankenhaus-massregelvollzug-5243202149005.xlsx
https://www.destatis.de/DE/Themen/Gesellschaft-Umwelt/Umwelt/Abfallwirtschaft/Publikationen/Downloads-Abfallwirtschaft/statistischer-bericht-abfallentsorgung-2190100207005.xlsx?__blob=publicationFile,statistischer-bericht-abfallentsorgung-2190100207005.xlsx
https://www.destatis.de/DE/Themen/Branchen-Unternehmen/Dienstleistungen/Publikationen/Downloads-Dienstleistungen-Struktur/grundstuecks-wohnungswesen-2090430197005.xlsx?__blob=publicationFile,grundstuecks-wohnungswesen-2090430197005.xlsx
https://www.destatis.de/DE/Themen/Gesellschaft-Umwelt/Bevoelkerung/Sterbefaelle-Lebenserwartung/Publikationen/Downloads-Sterbefaelle/kohortensterbetafeln-5126101209005.xlsx?__blob=publicationFile,kohortensterbetafeln-5126101209005.xlsx
https://www.destatis.de/DE/Themen/Gesellschaft-Umwelt/Bildung-Forschung-Kultur/Bildungsfinanzen-Ausbildungsfoerderung/Publikationen/Downloads-Bildungsfinanzen/statistischer-bericht-budget-bildung-5217108207005.xlsx?__blob=publicationFile,statistischer-bericht-budget-bildung-5217108207005.xlsx
https://www.destatis.de/DE/Themen/Gesellschaft-Umwelt/Bevoelkerung/Haushalte-Familien/Publikationen/Downloads-Haushalte/haushalte-familien-gesundheit-tabellenanhang-5122120059005.xlsx?__blob=publicationFile,haushalte-familien-gesundheit-tabellenanhang-5122120059005.xlsx
https://www.destatis.de/DE/Themen/Arbeit/Verdienste/Verdienste-Branche-Berufe/Publikationen/Downloads/statistischer-bericht-verdienste-5623601233235.xlsx?__blob=publicationFile,statistischer-bericht-verdienste-5623601233235.xlsx
https://www.destatis.de/DE/Themen/Wirtschaft/Preise/Erzeugerpreisindex-gewerbliche-Produkte/Publikationen/Downloads-Erzeugerpreise/erzeugerpreise-2170200221125.xlsx?__blob=publicationFile,erzeugerpreise-2170200221125.xlsx
https://www.destatis.de/DE/Themen/Laender-Regionen/Regionales/Gemeindeverzeichnis/Administrativ/05-staedte.xlsx?__blob=publicationFile,05-staedte.xlsx
https://www.destatis.de/DE/Themen/Gesellschaft-Umwelt/Bildung-Forschung-Kultur/Schulen/Publikationen/Downloads-Schulen/statistischer-bericht-allgemeinbildende-schulen-2110100237005.xlsx?__blob=publicationFile,statistischer-bericht-allgemeinbildende-schulen-2110100237005.xlsx
https://www.destatis.de/DE/Themen/Branchen-Unternehmen/Bauen/Publikationen/Downloads-Bautaetigkeit/bautaetigkeit-2050100227005.xlsx?__blob=publicationFile,bautaetigkeit-2050100227005.xlsx
https://www.destatis.de/DE/Themen/Laender-Regionen/Regionales/Gemeindeverzeichnis/Administrativ/Archiv/GVAuszugJ/19870527_Auszug_GV.xlsx?__blob=publicationFile,19870527_Auszug_GV.xlsx
https://www.destatis.de/DE/Themen/Gesellschaft-Umwelt/Bevoelkerung/Migration-Integration/Publikationen/Downloads-Migration/statistischer-bericht-migrationshintergrund-erst-2010220227005.xlsx?__blob=publicationFile,statistischer-bericht-migrationshintergrund-erst-2010220227005.xlsx
https://www.destatis.de/DE/Themen/Staat/Steuern/Umsatzsteuer/Publikationen/Downloads-Umsatzsteuern/umsatzsteuerstatistik-zeitreihe-5733103197005.xlsx?__blob=publicationFile,umsatzsteuerstatistik-zeitreihe-5733103197005.xlsx
https://www.destatis.de/DE/Themen/Gesellschaft-Umwelt/Umwelt/UGR/oekosystemgesamtrechnungen/Publikationen/Downloads/flaechenbilanzierung-gemeinden-oekosysteme-5852204189005.xlsx?__blob=publicationFile,flaechenbilanzierung-gemeinden-oekosysteme-5852204189005.xlsx
https://www.destatis.de/DE/Themen/Branchen-Unternehmen/Dienstleistungen/Publikationen/Downloads-Dienstleistungen-Struktur/verkehr-lagerei-2090410197005.xlsx?__blob=publicationFile,verkehr-lagerei-2090410197005.xlsx
https://www.destatis.de/DE/Themen/Gesellschaft-Umwelt/Bildung-Forschung-Kultur/Hochschulen/Publikationen/Downloads-Hochschulen/berufsakademien-2110480217005.xlsx?__blob=publicationFile,berufsakademien-2110480217005.xlsx
https://www.destatis.de/DE/Themen/Gesellschaft-Umwelt/Soziales/Kinderhilfe-Jugendhilfe/Publikationen/Downloads-Kinder-und-Jugendhilfe/ausgaben-einnahmen-jugendhilfe-5225501217005.xlsx?__blob=publicationFile,ausgaben-einnahmen-jugendhilfe-5225501217005.xlsx
https://www.destatis.de/DE/Themen/Staat/Oeffentliche-Finanzen/Ausgaben-Einnahmen/Publikationen/Downloads-Ausgaben-und-Einnahmen/extrahaushalte-laender-5715101227005.xlsx?__blob=publicationFile,extrahaushalte-laender-5715101227005.xlsx
https://www.destatis.de/DE/Themen/Gesellschaft-Umwelt/Bevoelkerung/Bevoelkerungsstand/Publikationen/Downloads-Bevoelkerungsstand/daten-bevoelkerungsfortschreibung-zensus-5124104119005.xlsx?__blob=publicationFile,daten-bevoelkerungsfortschreibung-zensus-5124104119005.xlsx
https://www.destatis.de/DE/Themen/Branchen-Unternehmen/Transport-Verkehr/Personenverkehr/Publikationen/Downloads-Luftverkehr/statistischer-bericht-luftverkehr-hauptverkehrsflughaefen-2080600231025.xlsx?__blob=publicationFile,statistischer-bericht-luftverkehr-hauptverkehrsflughaefen-2080600231025.xlsx
https://www.destatis.de/DE/Themen/Laender-Regionen/Regionales/Publikationen/Downloads/anschriftenverzeichnis-5119101237005.xlsx?__blob=publicationFile,anschriftenverzeichnis-5119101237005.xlsx
https://www.destatis.de/DE/Themen/Staat/Steuern/Steuereinnahmen/Publikationen/Downloads-Realsteuern/statistischer-bericht-realsteuervergleich-2141010227005.xlsx?__blob=publicationFile,statistischer-bericht-realsteuervergleich-2141010227005.xlsx
https://www.destatis.de/DE/Themen/Branchen-Unternehmen/Dienstleistungen/Publikationen/Downloads-Dienstleistungen-Struktur/information-kommunikation-2090420197005.xlsx?__blob=publicationFile,information-kommunikation-2090420197005.xlsx
https://www.destatis.de/DE/Themen/Wirtschaft/Volkswirtschaftliche-Gesamtrechnungen-Inlandsprodukt/Publikationen/Downloads-Input-Output-Rechnung/input-output-rechnung-2180200207005.xlsx?__blob=publicationFile,input-output-rechnung-2180200207005.xlsx
https://www.destatis.de/DE/Themen/Staat/Oeffentliche-Finanzen/Fonds-Einrichtungen-Unternehmen/Methoden/Downloads/liste-extrahaushalte-2022-xlsx.xlsx?__blob=publicationFile,liste-extrahaushalte-2022-xlsx.xlsx
https://www.destatis.de/DE/Themen/Branchen-Unternehmen/Dienstleistungen/Publikationen/Downloads-Dienstleistungen-Struktur/erbringung-sonstiger-dienstleistungen-2090450197005.xlsx?__blob=publicationFile,erbringung-sonstiger-dienstleistungen-2090450197005.xlsx
https://www.destatis.de/DE/Themen/Branchen-Unternehmen/Transport-Verkehr/Personenverkehr/Publikationen/Downloads-Luftverkehr/statistischer-bericht-luftverkehr-hauptverkehrsflughaefen-2080600231085.xlsx?__blob=publicationFile,statistischer-bericht-luftverkehr-hauptverkehrsflughaefen-2080600231085.xlsx
https://www.destatis.de/DE/Themen/Branchen-Unternehmen/Dienstleistungen/Publikationen/Downloads-Dienstleistungen-Struktur/erbringung-dienstleistungen-2090440197005.xlsx?__blob=publicationFile,erbringung-dienstleistungen-2090440197005.xlsx
https://www.destatis.de/DE/Themen/Gesellschaft-Umwelt/Bildung-Forschung-Kultur/Forschung-Entwicklung/Publikationen/Downloads-Forschung-Entwicklung/ausgaben-einnahmen-personal-2140360207005.xlsx?__blob=publicationFile,ausgaben-einnahmen-personal-2140360207005.xlsx
https://www.destatis.de/DE/Themen/Branchen-Unternehmen/Transport-Verkehr/Personenverkehr/Publikationen/Downloads-Luftverkehr/statistischer-bericht-luftverkehr-hauptverkehrsflughaefen-2080600231095.xlsx?__blob=publicationFile,statistischer-bericht-luftverkehr-hauptverkehrsflughaefen-2080600231095.xlsx
https://www.destatis.de/DE/Themen/Staat/Justiz-Rechtspflege/Publikationen/Downloads-Gerichte/sozialgerichte-2100270217005.xlsx?__blob=publicationFile,sozialgerichte-2100270217005.xlsx
https://www.destatis.de/DE/Themen/Branchen-Unternehmen/Landwirtschaft-Forstwirtschaft-Fischerei/Landwirtschaftliche-Betriebe/Publikationen/Downloads-Landwirtschaftliche-Betriebe/argrarstukturerhebung-2030100109005.xlsx?__blob=publicationFile,argrarstukturerhebung-2030100109005.xlsx
https://www.destatis.de/DE/Themen/Arbeit/Verdienste/Verdienste-Branche-Berufe/Publikationen/Downloads/statistischer-bericht-verdienste-5623601233225.xlsx?__blob=publicationFile,statistischer-bericht-verdienste-5623601233225.xlsx
https://www.destatis.de/DE/Themen/Staat/Steuern/Umsatzsteuer/Publikationen/Downloads-Umsatzsteuern/umsatzsteuerstatistik-5733101197005.xlsx?__blob=publicationFile,umsatzsteuerstatistik-5733101197005.xlsx
https://www.destatis.de/DE/Themen/Gesellschaft-Umwelt/Bevoelkerung/Migration-Integration/Publikationen/Downloads-Migration/migrationshintergrund-endergebnisse-2010220217005.xlsx?__blob=publicationFile,migrationshintergrund-endergebnisse-2010220217005.xlsx
https://www.destatis.de/DE/Themen/Wirtschaft/Preise/Grosshandelspreisindex/Publikationen/Downloads-Grosshandelspreise/grosshandelsverkaufspreise-lange-reihen-xlsx-5612801.xlsx?__blob=publicationFile,grosshandelsverkaufspreise-lange-reihen-xlsx-5612801.xlsx
https://www.destatis.de/DE/Themen/Branchen-Unternehmen/Transport-Verkehr/Personenverkehr/Publikationen/Downloads-Luftverkehr/statistischer-bericht-luftverkehr-2080620207005.xlsx?__blob=publicationFile,statistischer-bericht-luftverkehr-2080620207005.xlsx
https://www.destatis.de/DE/Themen/Branchen-Unternehmen/Landwirtschaft-Forstwirtschaft-Fischerei/Tiere-Tierische-Erzeugung/Publikationen/Downloads-Tiere-und-tierische-Erzeugung/viehbestand-tierische-erzeugung-2030400177005.xlsx?__blob=publicationFile,viehbestand-tierische-erzeugung-2030400177005.xlsx
https://www.destatis.de/DE/Themen/Gesellschaft-Umwelt/Umwelt/UGR/landwirtschaft-wald/Publikationen/Downloads/statistischer-bericht-waldgesamtrechnung-5852102217005.xlsx?__blob=publicationFile,statistischer-bericht-waldgesamtrechnung-5852102217005.xlsx
https://www.destatis.de/DE/Themen/Laender-Regionen/Regionales/Gemeindeverzeichnis/Administrativ/13-finanzamt.xlsx?__blob=publicationFile,13-finanzamt.xlsx
https://www.destatis.de/DE/Themen/Laender-Regionen/Regionales/Gemeindeverzeichnis/Administrativ/Archiv/GVAuszugJ/01011970_Auszug_GV.xlsx?__blob=publicationFile,01011970_Auszug_GV.xlsx
https://www.destatis.de/DE/Themen/Laender-Regionen/Regionales/Gemeindeverzeichnis/Administrativ/Archiv/GVAuszugJ/19500913_Auszug_GV.xlsx?__blob=publicationFile,19500913_Auszug_GV.xlsx
https://www.destatis.de/DE/Themen/Laender-Regionen/Regionales/Gemeindeverzeichnis/Administrativ/Archiv/GVAuszugJ/31121973_Auszug_GV.xlsx?__blob=publicationFile,31121973_Auszug_GV.xlsx
https://www.destatis.de/DE/Themen/Gesellschaft-Umwelt/Bevoelkerung/Migration-Integration/Publikationen/Downloads-Migration/statistischer-bericht-auslaend-bevoelkerung-2010200237005.xlsx?__blob=publicationFile,statistischer-bericht-auslaend-bevoelkerung-2010200237005.xlsx
https://www.destatis.de/DE/Themen/Gesellschaft-Umwelt/Umwelt/Abfallwirtschaft/Publikationen/Downloads-Abfallwirtschaft/abfallentsorgung-2190100177005.xlsx?__blob=publicationFile,abfallentsorgung-2190100177005.xlsx
https://www.destatis.de/DE/Themen/Arbeit/Verdienste/Verdienste-Branche-Berufe/Publikationen/Downloads/statistischer-bericht-verdienste-5623601233215.xlsx?__blob=publicationFile,statistischer-bericht-verdienste-5623601233215.xlsx
https://www.destatis.de/DE/Themen/Gesellschaft-Umwelt/Bildung-Forschung-Kultur/Schulen/Publikationen/Downloads-Schulen/statistischer-bericht-berufliche-schulen-berufsbezeichnungen-5211004237005.xlsx?__blob=publicationFile,statistischer-bericht-berufliche-schulen-berufsbezeichnungen-5211004237005.xlsx
https://www.destatis.de/DE/Themen/Staat/Justiz-Rechtspflege/Publikationen/Downloads-Gerichte/statistischer-bericht-sozialgerichte-2100270227005.xlsx?__blob=publicationFile,statistischer-bericht-sozialgerichte-2100270227005.xlsx
https://www.destatis.de/DE/Themen/Laender-Regionen/Regionales/Gemeindeverzeichnis/Administrativ/Archiv/GVAuszugJ/20110509_Auszug_GV.xlsx?__blob=publicationFile,20110509_Auszug_GV.xlsx
https://www.destatis.de/DE/Themen/Arbeit/Arbeitskosten-Lohnnebenkosten/Publikationen/Downloads-Arbeits-und-Lohnnebenkosten/arbeitskosten-nl-2163203209005.xlsx?__blob=publicationFile,arbeitskosten-nl-2163203209005.xlsx
https://www.destatis.de/DE/Themen/Arbeit/Arbeitskosten-Lohnnebenkosten/Publikationen/Downloads-Arbeits-und-Lohnnebenkosten/arbeitskosten-fb-2163202209005.xlsx?__blob=publicationFile,arbeitskosten-fb-2163202209005.xlsx
https://www.destatis.de/DE/Themen/Staat/Oeffentliche-Finanzen/Ausgaben-Einnahmen/Publikationen/Downloads-Ausgaben-und-Einnahmen/rechnungsergebnis-kernhaushalt-gemeinden-2140331207005.xlsx?__blob=publicationFile,rechnungsergebnis-kernhaushalt-gemeinden-2140331207005.xlsx
https://www.destatis.de/DE/Themen/Staat/Steuern/Lohnsteuer-Einkommensteuer/Publikationen/Downloads-Lohn-und-Einkommenssteuern/statistischer-bericht-lohn-einkommensteuer-2140710197005.xlsx?__blob=publicationFile,statistischer-bericht-lohn-einkommensteuer-2140710197005.xlsx
https://www.destatis.de/DE/Themen/Gesellschaft-Umwelt/Umwelt/UGR/energiefluesse-emissionen/Publikationen/Downloads/statistischer-bericht-ugr-energiegesamtrechnung-5850014217005.xlsx?__blob=publicationFile,statistischer-bericht-ugr-energiegesamtrechnung-5850014217005.xlsx
https://www.destatis.de/DE/Themen/Branchen-Unternehmen/Transport-Verkehr/Personenverkehr/Publikationen/Downloads-Luftverkehr/luftverkehr-2080600231035.xlsx?__blob=publicationFile,luftverkehr-2080600231035.xlsx
https://www.destatis.de/DE/Themen/Gesellschaft-Umwelt/Bevoelkerung/Migration-Integration/Publikationen/Downloads-Migration/statistischer-bericht-einwanderungsgeschichte-end-5122126217005.xlsx?__blob=publicationFile,statistischer-bericht-einwanderungsgeschichte-end-5122126217005.xlsx
https://www.destatis.de/DE/Themen/Gesellschaft-Umwelt/Bildung-Forschung-Kultur/Hochschulen/Publikationen/Downloads-Hochschulen/statistischer-bericht-pruefungen-2110420227005.xlsx?__blob=publicationFile,statistischer-bericht-pruefungen-2110420227005.xlsx
https://www.destatis.de/DE/Themen/Laender-Regionen/Regionales/Gemeindeverzeichnis/Administrativ/Archiv/GVAuszugJ/31121972_Auszug_GV.xlsx?__blob=publicationFile,31121972_Auszug_GV.xlsx
https://www.destatis.de/DE/Themen/Laender-Regionen/Regionales/Gemeindeverzeichnis/Administrativ/Archiv/GVAuszugJ/31121952_Auszug_GV.xlsx?__blob=publicationFile,31121952_Auszug_GV.xlsx
https://www.destatis.de/DE/Themen/Laender-Regionen/Regionales/Gemeindeverzeichnis/Administrativ/Archiv/GVAuszugJ/31121950_Auszug_GV.xlsx?__blob=publicationFile,31121950_Auszug_GV.xlsx
https://www.destatis.de/DE/Themen/Gesellschaft-Umwelt/Bildung-Forschung-Kultur/Schulen/Publikationen/Downloads-Schulen/private-schulen-2110110217005.xlsx?__blob=publicationFile,private-schulen-2110110217005.xlsx
https://www.destatis.de/DE/Themen/Arbeit/Verdienste/Verdienste-Branche-Berufe/Publikationen/Downloads/statistischer-bericht-verdienste-5623601223245.xlsx?__blob=publicationFile,statistischer-bericht-verdienste-5623601223245.xlsx
https://www.destatis.de/DE/Themen/Laender-Regionen/Regionales/Gemeindeverzeichnis/Administrativ/Archiv/GVAuszugJ/31121951_Auszug_GV.xlsx?__blob=publicationFile,31121951_Auszug_GV.xlsx
https://www.destatis.de/DE/Themen/Wirtschaft/Volkswirtschaftliche-Gesamtrechnungen-Inlandsprodukt/Publikationen/Downloads-Inlandsprodukt/inlandsprodukt-revidiert-jahr-2189029919005.xlsx?__blob=publicationFile,inlandsprodukt-revidiert-jahr-2189029919005.xlsx
https://www.destatis.de/DE/Themen/Gesellschaft-Umwelt/Gesundheit/Krankenhaeuser/Publikationen/Downloads-Krankenhaeuser/diagnosedaten-krankenhaus-2120621167005.xlsx?__blob=publicationFile,diagnosedaten-krankenhaus-2120621167005.xlsx
https://www.destatis.de/DE/Themen/Staat/Steuern/Umsatzsteuer/Publikationen/Downloads-Umsatzsteuern/statistischer-bericht-umsatzsteuer-2140810217005.xlsx?__blob=publicationFile,statistischer-bericht-umsatzsteuer-2140810217005.xlsx
https://www.destatis.de/DE/Themen/Branchen-Unternehmen/Bauen/Publikationen/Downloads-Bautaetigkeit/bautaetigkeit-2050100217005.xlsx?__blob=publicationFile,bautaetigkeit-2050100217005.xlsx
https://www.destatis.de/DE/Themen/Branchen-Unternehmen/Transport-Verkehr/Gueterverkehr/Publikationen/Downloads-Schifffahrt/seeschifffahrt-jahr-2080500167005.xlsx?__blob=publicationFile,seeschifffahrt-jahr-2080500167005.xlsx
https://www.destatis.de/DE/Themen/Gesellschaft-Umwelt/Soziales/Asylbewerberleistungen/Publikationen/Downloads-Asylbewerberleistungen/asylbewerber-2130700177005.xlsx?__blob=publicationFile,asylbewerber-2130700177005.xlsx
https://www.destatis.de/DE/Themen/Gesellschaft-Umwelt/Soziales/Jugendarbeit/Publikationen/Downloads-Jugendarbeit/erzieherische-hilfe-5225112217005.xlsx?__blob=publicationFile,erzieherische-hilfe-5225112217005.xlsx
https://www.destatis.de/DE/Themen/Gesellschaft-Umwelt/Bildung-Forschung-Kultur/Schulen/Publikationen/Downloads-Schulen/statistischer-bericht-berufliche-schulen-2110200237005.xlsx?__blob=publicationFile,statistischer-bericht-berufliche-schulen-2110200237005.xlsx
https://www.destatis.de/DE/Themen/Arbeit/Arbeitsmarkt/Erwerbstaetigkeit/Publikationen/Downloads-Erwerbstaetigkeit/statistischer-bericht-mikrozensus-arbeitsmarkt-2010410217005-endergebnisse.xlsx?__blob=publicationFile,statistischer-bericht-mikrozensus-arbeitsmarkt-2010410217005-endergebnisse.xlsx
https://www.destatis.de/DE/Themen/Wirtschaft/Aussenhandel/Publikationen/Downloads-Aussenhandel/zusammenfassende-uebersichten-monat-2070100201125.xlsx?__blob=publicationFile,zusammenfassende-uebersichten-monat-2070100201125.xlsx
https://www.destatis.de/DE/Themen/Gesellschaft-Umwelt/Gesundheit/Krankenhaeuser/Publikationen/Downloads-Krankenhaeuser/kostennachweis-krankenhaeuser-2120630217005.xlsx?__blob=publicationFile,kostennachweis-krankenhaeuser-2120630217005.xlsx
https://www.destatis.de/DE/Themen/Arbeit/Arbeitskosten-Lohnnebenkosten/Publikationen/Downloads-Arbeits-und-Lohnnebenkosten/arbeitskosten-bund-2163201209005.xlsx?__blob=publicationFile,arbeitskosten-bund-2163201209005.xlsx
https://www.destatis.de/DE/Themen/Staat/Oeffentliche-Finanzen/Ausgaben-Einnahmen/Publikationen/Downloads-Ausgaben-und-Einnahmen/extrahaushalte-laender-5715101217005.xlsx?__blob=publicationFile,extrahaushalte-laender-5715101217005.xlsx
https://www.destatis.de/DE/Themen/Gesellschaft-Umwelt/Bildung-Forschung-Kultur/Schulen/Publikationen/Downloads-Schulen/statistischer-bericht-berufliche-schulen-berufsbezeichnungen-5211004227005.xlsx?__blob=publicationFile,statistischer-bericht-berufliche-schulen-berufsbezeichnungen-5211004227005.xlsx
https://www.destatis.de/DE/Themen/Branchen-Unternehmen/Transport-Verkehr/Personenverkehr/Publikationen/Downloads-Luftverkehr/luftverkehr-ausgewaehlte-flugplaetze-2080610227005.xlsx?__blob=publicationFile,luftverkehr-ausgewaehlte-flugplaetze-2080610227005.xlsx
https://www.destatis.de/DE/Themen/Laender-Regionen/Regionales/Gemeindeverzeichnis/Administrativ/Archiv/Standardtabellen/10_ArbeitsagenturVorjahr.xlsx?__blob=publicationFile,10_ArbeitsagenturVorjahr.xlsx
https://www.destatis.de/DE/Themen/Gesellschaft-Umwelt/Soziales/Jugendarbeit/Publikationen/Downloads-Jugendarbeit/erzieherische-hilfe-5225112207005.xlsx?__blob=publicationFile,erzieherische-hilfe-5225112207005.xlsx
https://www.destatis.de/DE/Themen/Gesellschaft-Umwelt/Bevoelkerung/Haushalte-Familien/Publikationen/Downloads-Haushalte/entwicklung-privathaushalte-5124001209005.xlsx?__blob=publicationFile,entwicklung-privathaushalte-5124001209005.xlsx
https://www.destatis.de/DE/Themen/Gesellschaft-Umwelt/Bildung-Forschung-Kultur/Schulen/Publikationen/Downloads-Schulen/statistischer-bericht-sm-schueler-5211003238005.xlsx?__blob=publicationFile,statistischer-bericht-sm-schueler-5211003238005.xlsx
https://www.destatis.de/DE/Themen/Gesellschaft-Umwelt/Bildung-Forschung-Kultur/Schulen/Publikationen/Downloads-Schulen/schnellmeldung-schueler-5211003228005.xlsx?__blob=publicationFile,schnellmeldung-schueler-5211003228005.xlsx
https://www.destatis.de/DE/Themen/Staat/Oeffentliche-Finanzen/Ausgaben-Einnahmen/Publikationen/Downloads-Ausgaben-und-Einnahmen/rechnungsergebnis-kommunaler-kern-extrahaushalt-2140330197005.xlsx?__blob=publicationFile,rechnungsergebnis-kommunaler-kern-extrahaushalt-2140330197005.xlsx
https://www.destatis.de/DE/Themen/Laender-Regionen/Regionales/Gemeindeverzeichnis/Administrativ/Archiv/GVAuszugJ/19610606_Auszug_GV.xlsx?__blob=publicationFile,19610606_Auszug_GV.xlsx
https://www.destatis.de/DE/Themen/Gesellschaft-Umwelt/Gesundheit/Vorsorgeeinrichtungen-Rehabilitationseinrichtungen/Publikationen/Downloads-Vorsorge-oder-Reha/diagnosedaten-vorsorge-reha-2120622167005.xlsx?__blob=publicationFile,diagnosedaten-vorsorge-reha-2120622167005.xlsx
https://www.destatis.de/DE/Themen/Laender-Regionen/Regionales/Gemeindeverzeichnis/Administrativ/Archiv/Standardtabellen/13_FinanzamtVorjahr.xlsx?__blob=publicationFile,13_FinanzamtVorjahr.xlsx
https://www.destatis.de/DE/Themen/Staat/Steuern/Unternehmenssteuern/Publikationen/Downloads-Koerperschaftsteuern/koerperschaftsteuerstatistik-jahr-5799701127005.xlsx?__blob=publicationFile,koerperschaftsteuerstatistik-jahr-5799701127005.xlsx
https://www.destatis.de/DE/Themen/Laender-Regionen/Regionales/Gemeindeverzeichnis/Administrativ/Archiv/GVAuszugJ/25091956_Auszug_GV.xlsx?__blob=publicationFile,25091956_Auszug_GV.xlsx
https://www.destatis.de/DE/Themen/Laender-Regionen/Regionales/Gemeindeverzeichnis/Administrativ/Archiv/GVAuszugJ/31121968_Auszug_GV.xlsx?__blob=publicationFile,31121968_Auszug_GV.xlsx
https://www.destatis.de/DE/Themen/Laender-Regionen/Regionales/Gemeindeverzeichnis/Administrativ/Archiv/GVAuszugJ/31121953_Auszug_GV.xlsx?__blob=publicationFile,31121953_Auszug_GV.xlsx
https://www.destatis.de/DE/Themen/Laender-Regionen/Regionales/Gemeindeverzeichnis/Administrativ/Archiv/GVAuszugJ/31122021_Auszug_GV.xlsx?__blob=publicationFile,31122021_Auszug_GV.xlsx
https://www.destatis.de/DE/Themen/Laender-Regionen/Regionales/Gemeindeverzeichnis/Administrativ/Archiv/GVAuszugJ/31121954_Auszug_GV.xlsx?__blob=publicationFile,31121954_Auszug_GV.xlsx
https://www.destatis.de/DE/Themen/Gesellschaft-Umwelt/Gesundheit/Todesursachen/Publikationen/Downloads-Todesursachen/todesursachen-2120400157005.xlsx?__blob=publicationFile,todesursachen-2120400157005.xlsx
https://www.destatis.de/DE/Themen/Laender-Regionen/Regionales/Gemeindeverzeichnis/Administrativ/Archiv/GVAuszugJ/31121957_Auszug_GV.xlsx?__blob=publicationFile,31121957_Auszug_GV.xlsx
https://www.destatis.de/DE/Themen/Laender-Regionen/Regionales/Gemeindeverzeichnis/Administrativ/Archiv/GVAuszugJ/31121986_Auszug_GV.xlsx?__blob=publicationFile,31121986_Auszug_GV.xlsx
https://www.destatis.de/DE/Themen/Branchen-Unternehmen/Transport-Verkehr/Personenverkehr/Publikationen/Downloads-Luftverkehr/statistischer-bericht-luftverkehr-2080620217005.xlsx?__blob=publicationFile,statistischer-bericht-luftverkehr-2080620217005.xlsx
https://www.destatis.de/DE/Themen/Laender-Regionen/Regionales/Gemeindeverzeichnis/Administrativ/Archiv/GVAuszugJ/31121964_Auszug_GV.xlsx?__blob=publicationFile,31121964_Auszug_GV.xlsx
https://www.destatis.de/DE/Themen/Branchen-Unternehmen/Transport-Verkehr/Personenverkehr/Publikationen/Downloads-Luftverkehr/luftverkehr-alle-flugplaetze-2080620197005.xlsx?__blob=publicationFile,luftverkehr-alle-flugplaetze-2080620197005.xlsx
https://www.destatis.de/DE/Themen/Laender-Regionen/Regionales/Gemeindeverzeichnis/Administrativ/Archiv/GVAuszugJ/31121960_Auszug_GV.xlsx?__blob=publicationFile,31121960_Auszug_GV.xlsx
https://www.destatis.de/DE/Themen/Laender-Regionen/Regionales/Gemeindeverzeichnis/Administrativ/Archiv/GVAuszugQ/BTW20213Q2021.xlsx?__blob=publicationFile,BTW20213Q2021.xlsx
https://www.destatis.de/DE/Themen/Laender-Regionen/Regionales/Gemeindeverzeichnis/Administrativ/Archiv/GVAuszugJ/31121966_Auszug_GV.xlsx?__blob=publicationFile,31121966_Auszug_GV.xlsx
https://www.destatis.de/DE/Themen/Laender-Regionen/Regionales/Gemeindeverzeichnis/Administrativ/Archiv/GVAuszugJ/31121965_Auszug_GV.xlsx?__blob=publicationFile,31121965_Auszug_GV.xlsx
https://www.destatis.de/DE/Themen/Gesellschaft-Umwelt/Bevoelkerung/Migration-Integration/Publikationen/Downloads-Migration/statistischer-bericht-auslaend-bevoelkerung-2010200227005.xlsx?__blob=publicationFile,statistischer-bericht-auslaend-bevoelkerung-2010200227005.xlsx
https://www.destatis.de/DE/Themen/Laender-Regionen/Regionales/Gemeindeverzeichnis/Administrativ/Archiv/GVAuszugJ/31121967_Auszug_GV.xlsx?__blob=publicationFile,31121967_Auszug_GV.xlsx
https://www.destatis.de/DE/Themen/Laender-Regionen/Regionales/Gemeindeverzeichnis/Administrativ/Archiv/GVAuszugJ/31121961_Auszug_GV.xlsx?__blob=publicationFile,31121961_Auszug_GV.xlsx
https://www.destatis.de/DE/Themen/Laender-Regionen/Regionales/Gemeindeverzeichnis/Administrativ/Archiv/GVAuszugJ/31121959_Auszug_GV.xlsx?__blob=publicationFile,31121959_Auszug_GV.xlsx
https://www.destatis.de/DE/Themen/Gesellschaft-Umwelt/Bevoelkerung/Bevoelkerungsvorausberechnung/Publikationen/Downloads-Vorausberechnung/statistischer-bericht-bvb-bundeslaender-2070-5124205219005.xlsx?__blob=publicationFile,statistischer-bericht-bvb-bundeslaender-2070-5124205219005.xlsx
https://www.destatis.de/DE/Themen/Laender-Regionen/Regionales/Gemeindeverzeichnis/Administrativ/Archiv/GVAuszugJ/31121955_Auszug_GV.xlsx?__blob=publicationFile,31121955_Auszug_GV.xlsx
https://www.destatis.de/DE/Themen/Gesellschaft-Umwelt/Bevoelkerung/Bevoelkerungsvorausberechnung/Tabellen/vorausberechnung-gebietsstand-bundesland.xlsx?__blob=publicationFile,vorausberechnung-gebietsstand-bundesland.xlsx
https://www.destatis.de/DE/Themen/Laender-Regionen/Regionales/Gemeindeverzeichnis/Administrativ/Archiv/GVAuszugJ/31121962_Auszug_GV.xlsx?__blob=publicationFile,31121962_Auszug_GV.xlsx
https://www.destatis.de/DE/Themen/Laender-Regionen/Regionales/Gemeindeverzeichnis/Namens-Grenz-Aenderung/1974.xlsx?__blob=publicationFile,1974.xlsx
https://www.destatis.de/DE/Themen/Laender-Regionen/Regionales/Gemeindeverzeichnis/Administrativ/Archiv/GVAuszugJ/31121958_Auszug_GV.xlsx?__blob=publicationFile,31121958_Auszug_GV.xlsx
https://www.destatis.de/DE/Themen/Laender-Regionen/Regionales/Gemeindeverzeichnis/Administrativ/Archiv/GVAuszugJ/31121971_Auszug_GV.xlsx?__blob=publicationFile,31121971_Auszug_GV.xlsx
https://www.destatis.de/DE/Themen/Laender-Regionen/Regionales/Gemeindeverzeichnis/Administrativ/Archiv/GVAuszugJ/31121963_Auszug_GV.xlsx?__blob=publicationFile,31121963_Auszug_GV.xlsx
https://www.destatis.de/DE/Themen/Gesellschaft-Umwelt/Gesundheit/Krankenhaeuser/Publikationen/Downloads-Krankenhaeuser/fallpauschalen-krankenhaus-2120640167005.xlsx?__blob=publicationFile,fallpauschalen-krankenhaus-2120640167005.xlsx
https://www.destatis.de/DE/Themen/Laender-Regionen/Regionales/Gemeindeverzeichnis/Administrativ/Archiv/GVAuszugJ/31121956_Auszug_GV.xlsx?__blob=publicationFile,31121956_Auszug_GV.xlsx
https://www.destatis.de/DE/Themen/Laender-Regionen/Regionales/Gemeindeverzeichnis/Administrativ/Archiv/GVAuszugJ/19700527_Auszug_GV.xlsx?__blob=publicationFile,19700527_Auszug_GV.xlsx
https://www.destatis.de/DE/Themen/Laender-Regionen/Regionales/Gemeindeverzeichnis/Administrativ/Archiv/GVAuszugJ/31121999_Auszug_GV.xlsx?__blob=publicationFile,31121999_Auszug_GV.xlsx
https://www.destatis.de/DE/Themen/Gesellschaft-Umwelt/Bevoelkerung/Bevoelkerungsvorausberechnung/Tabellen/vorausberechnung-deutschland.xlsx?__blob=publicationFile,vorausberechnung-deutschland.xlsx
https://www.destatis.de/DE/Themen/Laender-Regionen/Regionales/Gemeindeverzeichnis/Administrativ/Archiv/GVAuszugJ/31121984_Auszug_GV.xlsx?__blob=publicationFile,31121984_Auszug_GV.xlsx
https://www.destatis.de/DE/Themen/Laender-Regionen/Regionales/Gemeindeverzeichnis/Administrativ/Archiv/GVAuszugJ/31121992_Auszug_GV.xlsx?__blob=publicationFile,31121992_Auszug_GV.xlsx
https://www.destatis.de/DE/Themen/Branchen-Unternehmen/Landwirtschaft-Forstwirtschaft-Fischerei/Landwirtschaftliche-Betriebe/Publikationen/Downloads-Landwirtschaftliche-Betriebe/agrarstrukturen-in-deutschland-5411203109005.xlsx?__blob=publicationFile,agrarstrukturen-in-deutschland-5411203109005.xlsx
https://www.destatis.de/DE/Themen/Branchen-Unternehmen/Landwirtschaft-Forstwirtschaft-Fischerei/Produktionsmethoden/Publikationen/Downloads-Produktionsmethoden/bodenbearbeitung-bewaesserung-2032805109005.xlsx?__blob=publicationFile,bodenbearbeitung-bewaesserung-2032805109005.xlsx
https://www.destatis.de/DE/Themen/Laender-Regionen/Regionales/Gemeindeverzeichnis/Administrativ/Archiv/GVAuszugJ/31121987_Auszug_GV.xlsx?__blob=publicationFile,31121987_Auszug_GV.xlsx
https://www.destatis.de/DE/Themen/Branchen-Unternehmen/Landwirtschaft-Forstwirtschaft-Fischerei/Landwirtschaftliche-Betriebe/Publikationen/Downloads-Landwirtschaftliche-Betriebe/eigentums-pachtverhaeltnisse-2032803109005.xlsx?__blob=publicationFile,eigentums-pachtverhaeltnisse-2032803109005.xlsx
https://www.destatis.de/DE/Themen/Laender-Regionen/Regionales/Gemeindeverzeichnis/Administrativ/Archiv/GVAuszugJ/31121996_Auszug_GV.xlsx?__blob=publicationFile,31121996_Auszug_GV.xlsx
https://www.destatis.de/DE/Themen/Laender-Regionen/Regionales/Gemeindeverzeichnis/Administrativ/Archiv/GVAuszugJ/31122007_Auszug_GV.xlsx?__blob=publicationFile,31122007_Auszug_GV.xlsx
https://www.destatis.de/DE/Themen/Laender-Regionen/Regionales/Gemeindeverzeichnis/Administrativ/Archiv/GVAuszugJ/31121977_Auszug_GV.xlsx?__blob=publicationFile,31121977_Auszug_GV.xlsx
https://www.destatis.de/DE/Themen/Laender-Regionen/Regionales/Gemeindeverzeichnis/Administrativ/Archiv/GVAuszugJ/31122016_Auszug_GV.xlsx?__blob=publicationFile,31122016_Auszug_GV.xlsx
https://www.destatis.de/DE/Themen/Laender-Regionen/Regionales/Gemeindeverzeichnis/Administrativ/Archiv/GVAuszugJ/31121980_Auszug_GV.xlsx?__blob=publicationFile,31121980_Auszug_GV.xlsx
https://www.destatis.de/DE/Themen/Laender-Regionen/Regionales/Gemeindeverzeichnis/Administrativ/Archiv/GVAuszugJ/31122003_Auszug_GV.xlsx?__blob=publicationFile,31122003_Auszug_GV.xlsx
https://www.destatis.de/DE/Themen/Branchen-Unternehmen/Landwirtschaft-Forstwirtschaft-Fischerei/Landwirtschaftliche-Betriebe/Publikationen/Downloads-Landwirtschaftliche-Betriebe/arbeitskraefte-2032802109005.xlsx?__blob=publicationFile,arbeitskraefte-2032802109005.xlsx
https://www.destatis.de/DE/Themen/Branchen-Unternehmen/Landwirtschaft-Forstwirtschaft-Fischerei/Produktionsmethoden/Publikationen/Downloads-Produktionsmethoden/stallhaltung-weidehaltung-2032806109005.xlsx?__blob=publicationFile,stallhaltung-weidehaltung-2032806109005.xlsx
https://www.destatis.de/DE/Themen/Laender-Regionen/Regionales/Gemeindeverzeichnis/Administrativ/Archiv/GVAuszugJ/31121976_Auszug_GV.xlsx?__blob=publicationFile,31121976_Auszug_GV.xlsx
https://www.destatis.de/DE/Themen/Laender-Regionen/Regionales/Gemeindeverzeichnis/Administrativ/Archiv/GVAuszugJ/31122006_Auszug_GV.xlsx?__blob=publicationFile,31122006_Auszug_GV.xlsx
https://www.destatis.de/DE/Themen/Laender-Regionen/Regionales/Gemeindeverzeichnis/Administrativ/Archiv/GVAuszugJ/31121998_Auszug_GV.xlsx?__blob=publicationFile,31121998_Auszug_GV.xlsx
https://www.destatis.de/DE/Themen/Laender-Regionen/Regionales/Gemeindeverzeichnis/Administrativ/Archiv/GVAuszugJ/31122004_Auszug_GV.xlsx?__blob=publicationFile,31122004_Auszug_GV.xlsx
https://www.destatis.de/DE/Themen/Gesellschaft-Umwelt/Gesundheit/Krankenhaeuser/Publikationen/Downloads-Krankenhaeuser/tiefgegliederte-diagnosedaten-5231301217015.xlsx?__blob=publicationFile,tiefgegliederte-diagnosedaten-5231301217015.xlsx
https://www.destatis.de/DE/Themen/Laender-Regionen/Regionales/Gemeindeverzeichnis/Administrativ/Archiv/GVAuszugJ/31121983_Auszug_GV.xlsx?__blob=publicationFile,31121983_Auszug_GV.xlsx
https://www.destatis.de/DE/Themen/Laender-Regionen/Regionales/Gemeindeverzeichnis/Administrativ/Archiv/GVAuszugJ/31122009_Auszug_GV.xlsx?__blob=publicationFile,31122009_Auszug_GV.xlsx
https://www.destatis.de/DE/Themen/Laender-Regionen/Regionales/Gemeindeverzeichnis/Administrativ/Archiv/GVAuszugJ/31122020_Auszug_GV.xlsx?__blob=publicationFile,31122020_Auszug_GV.xlsx
https://www.destatis.de/DE/Themen/Laender-Regionen/Regionales/Gemeindeverzeichnis/Namens-Grenz-Aenderung/1978.xlsx?__blob=publicationFile,1978.xlsx
https://www.destatis.de/DE/Themen/Branchen-Unternehmen/Landwirtschaft-Forstwirtschaft-Fischerei/Landwirtschaftliche-Betriebe/Publikationen/Downloads-Landwirtschaftliche-Betriebe/hofnachfolge-2032804109005.xlsx?__blob=publicationFile,hofnachfolge-2032804109005.xlsx
https://www.destatis.de/DE/Themen/Laender-Regionen/Regionales/Gemeindeverzeichnis/Administrativ/Archiv/GVAuszugJ/31122017_Auszug_GV.xlsx?__blob=publicationFile,31122017_Auszug_GV.xlsx
https://www.destatis.de/DE/Themen/Branchen-Unternehmen/Landwirtschaft-Forstwirtschaft-Fischerei/Landwirtschaftliche-Betriebe/Publikationen/Downloads-Landwirtschaftliche-Betriebe/landwirtschaftliche-berufsbildung-2032801109005.xlsx?__blob=publicationFile,landwirtschaftliche-berufsbildung-2032801109005.xlsx
https://www.destatis.de/DE/Themen/Laender-Regionen/Regionales/Gemeindeverzeichnis/Administrativ/Archiv/GVAuszugJ/31121990_Auszug_GV.xlsx?__blob=publicationFile,31121990_Auszug_GV.xlsx
https://www.destatis.de/DE/Themen/Laender-Regionen/Regionales/Gemeindeverzeichnis/Administrativ/zensus-gemeinden.xlsx?__blob=publicationFile,zensus-gemeinden.xlsx
https://www.destatis.de/DE/Themen/Laender-Regionen/Regionales/Gemeindeverzeichnis/Administrativ/Archiv/GVAuszugJ/31121988_Auszug_GV.xlsx?__blob=publicationFile,31121988_Auszug_GV.xlsx
https://www.destatis.de/DE/Themen/Laender-Regionen/Regionales/Gemeindeverzeichnis/Administrativ/Archiv/GVAuszugJ/31122010_Auszug_GV.xlsx?__blob=publicationFile,31122010_Auszug_GV.xlsx
https://www.destatis.de/DE/Themen/Laender-Regionen/Regionales/Gemeindeverzeichnis/Administrativ/Archiv/GVAuszugJ/31121993_Auszug_GV.xlsx?__blob=publicationFile,31121993_Auszug_GV.xlsx
https://www.destatis.de/DE/Themen/Laender-Regionen/Regionales/Gemeindeverzeichnis/Administrativ/Archiv/GVAuszugJ/31121991_Auszug_GV.xlsx?__blob=publicationFile,31121991_Auszug_GV.xlsx
https://www.destatis.de/DE/Themen/Branchen-Unternehmen/Landwirtschaft-Forstwirtschaft-Fischerei/Obst-Gemuese-Gartenbau/Publikationen/Downloads-Gartenbau/gartenbauerhebung-2032001059005.xlsx?__blob=publicationFile,gartenbauerhebung-2032001059005.xlsx
https://www.destatis.de/DE/Themen/Laender-Regionen/Regionales/Gemeindeverzeichnis/Administrativ/Archiv/GVAuszugJ/31122001_Auszug_GV.xlsx?__blob=publicationFile,31122001_Auszug_GV.xlsx
https://www.destatis.de/DE/Themen/Laender-Regionen/Regionales/Gemeindeverzeichnis/Administrativ/Archiv/GVAuszugJ/31121975_Auszug_GV.xlsx?__blob=publicationFile,31121975_Auszug_GV.xlsx
https://www.destatis.de/DE/Methoden/Klassifikationen/Gueter-Wirtschaftsklassifikationen/Downloads/gueterverzeichnis-3200201199005.xlsx?__blob=publicationFile,gueterverzeichnis-3200201199005.xlsx
https://www.destatis.de/DE/Themen/Gesellschaft-Umwelt/Bevoelkerung/Sterbefaelle-Lebenserwartung/Publikationen/Downloads-Sterbefaelle/gestorbene-alters-und-geburtsjahre-2010193039005.xlsx?__blob=publicationFile,gestorbene-alters-und-geburtsjahre-2010193039005.xlsx
https://www.destatis.de/DE/Themen/Laender-Regionen/Regionales/Gemeindeverzeichnis/Administrativ/Archiv/GVAuszugJ/31122002_Auszug_GV.xlsx?__blob=publicationFile,31122002_Auszug_GV.xlsx
https://www.destatis.de/DE/Themen/Laender-Regionen/Regionales/Gemeindeverzeichnis/Administrativ/Archiv/GVAuszugJ/31122005_Auszug_GV.xlsx?__blob=publicationFile,31122005_Auszug_GV.xlsx
https://www.destatis.de/DE/Themen/Laender-Regionen/Regionales/Gemeindeverzeichnis/Administrativ/Archiv/GVAuszugJ/31121979_Auszug_GV.xlsx?__blob=publicationFile,31121979_Auszug_GV.xlsx
https://www.destatis.de/DE/Themen/Wirtschaft/Aussenhandel/Tabellen/aussenhandel-detaildaten-xlsx.xlsx?__blob=publicationFile,aussenhandel-detaildaten-xlsx.xlsx
https://www.destatis.de/DE/Themen/Gesellschaft-Umwelt/Bevoelkerung/Eheschliessungen-Ehescheidungen-Lebenspartnerschaften/Publikationen/Downloads-Eheschliessungen/statistischer-bericht-aufhebung-lebenspartnerschaften-2010140237005.xlsx?__blob=publicationFile,statistischer-bericht-aufhebung-lebenspartnerschaften-2010140237005.xlsx
https://www.destatis.de/DE/Themen/Gesellschaft-Umwelt/Umwelt/UGR/rohstoffe-materialfluesse-wasser/Publikationen/Downloads/statistischer-bericht-ugr-wassergesamtrechnung-5851401199005.xlsx?__blob=publicationFile,statistischer-bericht-ugr-wassergesamtrechnung-5851401199005.xlsx
https://www.destatis.de/DE/Themen/Laender-Regionen/Regionales/Gemeindeverzeichnis/Administrativ/Archiv/Verwaltungsgliederung/31122001_Jahr.xlsx?__blob=publicationFile,31122001_Jahr.xlsx
https://www.destatis.de/DE/Themen/Branchen-Unternehmen/Transport-Verkehr/Personenverkehr/Publikationen/Downloads-Luftverkehr/statistischer-bericht-luftverkehr-hauptverkehrsflughaefen-2080600241075.xlsx?__blob=publicationFile,statistischer-bericht-luftverkehr-hauptverkehrsflughaefen-2080600241075.xlsx
https://www.destatis.de/DE/Themen/Staat/Steuern/Lohnsteuer-Einkommensteuer/Publikationen/Downloads-Lohn-und-Einkommenssteuern/statistischer-bericht-personengesellschaften-gemeinschaften-5731101187005.xlsx?__blob=publicationFile,statistischer-bericht-personengesellschaften-gemeinschaften-5731101187005.xlsx
https://www.destatis.de/DE/Themen/Gesellschaft-Umwelt/Bevoelkerung/Eheschliessungen-Ehescheidungen-Lebenspartnerschaften/Publikationen/Downloads-Eheschliessungen/statistischer-bericht-aufhebung-lebenspartnerschaften-2010140227005.xlsx?__blob=publicationFile,statistischer-bericht-aufhebung-lebenspartnerschaften-2010140227005.xlsx
https://www.destatis.de/DE/Themen/Staat/Steuern/Unternehmenssteuern/Publikationen/Downloads-Gewerbesteuern/statistischer-bericht-gewerbesteuerstatistik-2141020197005.xlsx?__blob=publicationFile,statistischer-bericht-gewerbesteuerstatistik-2141020197005.xlsx
https://www.destatis.de/DE/Themen/Gesellschaft-Umwelt/Einkommen-Konsum-Lebensbedingungen/Zeitverwendung/Publikationen/Downloads-Zeitverwendung/statistischer-bericht-zeitverwendung-priv-haushalte-5639102229005.xlsx?__blob=publicationFile,statistischer-bericht-zeitverwendung-priv-haushalte-5639102229005.xlsx
https://www.destatis.de/DE/Themen/Gesellschaft-Umwelt/Bildung-Forschung-Kultur/Bildungsfinanzen-Ausbildungsfoerderung/Publikationen/Downloads-Bildungsfinanzen/statistischer-bericht-finanzen-hochschulen-2110450227005.xlsx?__blob=publicationFile,statistischer-bericht-finanzen-hochschulen-2110450227005.xlsx
https://www.destatis.de/DE/Themen/Wirtschaft/Aussenhandel/Publikationen/Downloads-Aussenhandel/aussenhandel-dienstleistungsverkehr-5519001237005.xlsx?__blob=publicationFile,aussenhandel-dienstleistungsverkehr-5519001237005.xlsx
https://www.destatis.de/DE/Themen/Branchen-Unternehmen/Transport-Verkehr/Unternehmen-Infrastruktur-Fahrzeugbestand/Publikationen/Downloads-Betriebsdaten-Schienenverkehr/betriebsdaten-schienenverkehr-2080210217005.xlsx?__blob=publicationFile,betriebsdaten-schienenverkehr-2080210217005.xlsx
https://www.destatis.de/DE/Themen/Branchen-Unternehmen/Unternehmen/Gewerbemeldungen-Insolvenzen/Publikationen/Downloads-Insolvenzen/statistischer-bericht-beantragte-insolvenzverfahren-2020410237005.xlsx?__blob=publicationFile,statistischer-bericht-beantragte-insolvenzverfahren-2020410237005.xlsx
https://www.destatis.de/DE/Themen/Branchen-Unternehmen/Landwirtschaft-Forstwirtschaft-Fischerei/Fischerei/Publikationen/Downloads-Fischerei/statistischer-bericht-aquakultur-2030460237005.xlsx?__blob=publicationFile,statistischer-bericht-aquakultur-2030460237005.xlsx
https://www.destatis.de/DE/Themen/Staat/Steuern/Lohnsteuer-Einkommensteuer/Publikationen/Downloads-Lohn-und-Einkommenssteuern/statistischer-bericht-lohn-einkommensteuer-2140710207005.xlsx?__blob=publicationFile,statistischer-bericht-lohn-einkommensteuer-2140710207005.xlsx
https://www.destatis.de/DE/Themen/Branchen-Unternehmen/Transport-Verkehr/Unternehmen-Infrastruktur-Fahrzeugbestand/Publikationen/Downloads-Betriebsdaten-Schienenverkehr/betriebsdaten-schienenverkehr-2080210207005.xlsx?__blob=publicationFile,betriebsdaten-schienenverkehr-2080210207005.xlsx
https://www.destatis.de/DE/Themen/Branchen-Unternehmen/Transport-Verkehr/Personenverkehr/Publikationen/Downloads-Luftverkehr/statistischer-bericht-luftverkehr-hauptverkehrsflughaefen-2080600241065.xlsx?__blob=publicationFile,statistischer-bericht-luftverkehr-hauptverkehrsflughaefen-2080600241065.xlsx
https://www.destatis.de/DE/Themen/Branchen-Unternehmen/Landwirtschaft-Forstwirtschaft-Fischerei/Wein/Publikationen/Downloads-Wein/rebflaechen-2030315227005.xlsx?__blob=publicationFile,rebflaechen-2030315227005.xlsx
https://www.destatis.de/DE/Methoden/Klassifikationen/Gueter-Wirtschaftsklassifikationen/Downloads/melde-warennummern-3200220249015.xlsx?__blob=publicationFile,melde-warennummern-3200220249015.xlsx
https://www.destatis.de/DE/Themen/Staat/Steuern/Unternehmenssteuern/Publikationen/Downloads-Laenderbezogene-Berichte/statistischer-bericht-laenderbezogene-berichte-5739301217005.xlsx?__blob=publicationFile,statistischer-bericht-laenderbezogene-berichte-5739301217005.xlsx
https://www.destatis.de/DE/Themen/Gesellschaft-Umwelt/Bildung-Forschung-Kultur/Bildungsfinanzen-Ausbildungsfoerderung/Publikationen/Downloads-Bildungsfinanzen/statistischer-bericht-finanzen-hochschulen-2110450217005.xlsx?__blob=publicationFile,statistischer-bericht-finanzen-hochschulen-2110450217005.xlsx
https://www.destatis.de/DE/Themen/Branchen-Unternehmen/Landwirtschaft-Forstwirtschaft-Fischerei/Landwirtschaftliche-Betriebe/Publikationen/Downloads-Landwirtschaftliche-Betriebe/gewinnermittlung-umsatzbesteuerung-5411208209005.xlsx?__blob=publicationFile,gewinnermittlung-umsatzbesteuerung-5411208209005.xlsx
https://www.destatis.de/DE/Themen/Staat/Steuern/Unternehmenssteuern/Publikationen/Downloads-Koerperschaftsteuern/koerperschaftsteuerstatistik-2140720177005.xlsx?__blob=publicationFile,koerperschaftsteuerstatistik-2140720177005.xlsx
https://www.destatis.de/DE/Themen/Laender-Regionen/Regionales/Gemeindeverzeichnis/Namens-Grenz-Aenderung/2001.xlsx?__blob=publicationFile,2001.xlsx
https://www.destatis.de/DE/Themen/Gesellschaft-Umwelt/Bevoelkerung/Migration-Integration/Publikationen/Downloads-Migration/statistischer-bericht-einwanderungsgeschichte-vorab-5122126238005.xlsx?__blob=publicationFile,statistischer-bericht-einwanderungsgeschichte-vorab-5122126238005.xlsx
https://www.destatis.de/DE/Themen/Branchen-Unternehmen/Bauen/Tabellen/sonderauswertung-kse-bau.xlsx?__blob=publicationFile,sonderauswertung-kse-bau.xlsx
https://www.destatis.de/DE/Methoden/Klassifikationen/Gueter-Wirtschaftsklassifikationen/Downloads/melde-warennummern-3200220239015.xlsx?__blob=publicationFile,melde-warennummern-3200220239015.xlsx
https://www.destatis.de/DE/Themen/Wirtschaft/Preise/Publikationen/Energiepreise/statistischer-bericht-energiepreisentwicklung-5619001.xlsx?__blob=publicationFile,statistischer-bericht-energiepreisentwicklung-5619001.xlsx
https://www.destatis.de/DE/Themen/Arbeit/Arbeitsmarkt/Erwerbstaetigkeit/Publikationen/Downloads-Erwerbstaetigkeit/statistischer-bericht-mikrozensus-arbeitsmarkt-2010410237005-erstergebnisse.xlsx?__blob=publicationFile,statistischer-bericht-mikrozensus-arbeitsmarkt-2010410237005-erstergebnisse.xlsx
https://www.destatis.de/DE/Themen/Branchen-Unternehmen/Industrie-Verarbeitendes-Gewerbe/Publikationen/Downloads-Konjunktur/produktionsdaten-monat-5421201231025.xlsx?__blob=publicationFile,produktionsdaten-monat-5421201231025.xlsx
https://www.destatis.de/DE/Themen/Gesellschaft-Umwelt/Bevoelkerung/Migration-Integration/Publikationen/Downloads-Migration/statistischer-bericht-migrationshintergrund-vorab-2010220238005.xlsx?__blob=publicationFile,statistischer-bericht-migrationshintergrund-vorab-2010220238005.xlsx
https://www.destatis.de/DE/Themen/Gesellschaft-Umwelt/Einkommen-Konsum-Lebensbedingungen/IT-Nutzung/Publikationen/Downloads-IT-Nutzung/statistischer-bericht-ikt-privater-haushalte-2150400237005.xlsx?__blob=publicationFile,statistischer-bericht-ikt-privater-haushalte-2150400237005.xlsx
https://www.destatis.de/DE/Themen/Staat/Oeffentliche-Finanzen/Ausgaben-Einnahmen/Publikationen/Downloads-Ausgaben-und-Einnahmen/statistischer-bericht-rechnungsergebnis-oeffentlicher-haushalt-2140310187015.xlsx?__blob=publicationFile,statistischer-bericht-rechnungsergebnis-oeffentlicher-haushalt-2140310187015.xlsx
https://www.destatis.de/DE/Themen/Staat/Steuern/Lohnsteuer-Einkommensteuer/Publikationen/Downloads-Lohn-und-Einkommenssteuern/lohn-einkommensteuerstatistik-5731101177005.xlsx?__blob=publicationFile,lohn-einkommensteuerstatistik-5731101177005.xlsx
https://www.destatis.de/DE/Methoden/Klassifikationen/Gueter-Wirtschaftsklassifikationen/Downloads/melde-warennummern-3200220229015.xlsx?__blob=publicationFile,melde-warennummern-3200220229015.xlsx
https://www.destatis.de/DE/Themen/Laender-Regionen/Regionales/Gemeindeverzeichnis/Administrativ/Archiv/GVAuszugQ/AuszugGV2QAktuell.xlsx?__blob=publicationFile,AuszugGV2QAktuell.xlsx
https://www.destatis.de/DE/Themen/Branchen-Unternehmen/Transport-Verkehr/Personenverkehr/Publikationen/Downloads-Luftverkehr/statistischer-bericht-luftverkehr-hauptverkehrsflughaefen-2080600241045.xlsx?__blob=publicationFile,statistischer-bericht-luftverkehr-hauptverkehrsflughaefen-2080600241045.xlsx
https://www.destatis.de/DE/Themen/Branchen-Unternehmen/Landwirtschaft-Forstwirtschaft-Fischerei/Produktionsmethoden/Publikationen/Downloads-Produktionsmethoden/wirtschaftsduenger-2030222209005.xlsx?__blob=publicationFile,wirtschaftsduenger-2030222209005.xlsx
https://www.destatis.de/DE/Themen/Staat/Steuern/Lohnsteuer-Einkommensteuer/Publikationen/Downloads-Lohn-und-Einkommenssteuern/statistischer-bericht-lohn-einkommensteuer-2140710187005.xlsx?__blob=publicationFile,statistischer-bericht-lohn-einkommensteuer-2140710187005.xlsx
https://www.destatis.de/DE/Themen/Arbeit/Arbeitsmarkt/Erwerbstaetigkeit/Publikationen/Downloads-Erwerbstaetigkeit/statistischer-bericht-mikrozensus-arbeitsmarkt-2010410227005-endergebnisse.xlsx?__blob=publicationFile,statistischer-bericht-mikrozensus-arbeitsmarkt-2010410227005-endergebnisse.xlsx
https://www.destatis.de/DE/Themen/Branchen-Unternehmen/Landwirtschaft-Forstwirtschaft-Fischerei/Wein/Publikationen/Downloads-Wein/betriebe-weinbau-2030223209005.xlsx?__blob=publicationFile,betriebe-weinbau-2030223209005.xlsx
https://www.destatis.de/DE/Themen/Staat/Steuern/Lohnsteuer-Einkommensteuer/Publikationen/Downloads-Lohn-und-Einkommenssteuern/lohn-einkommensteuer-2140710187005.xlsx?__blob=publicationFile,lohn-einkommensteuer-2140710187005.xlsx
https://www.destatis.de/DE/Themen/Staat/Steuern/Steuereinnahmen/Publikationen/Downloads-Steuerhaushalt/steuerhaushalt-jahr-2140400227005.xlsx?__blob=publicationFile,steuerhaushalt-jahr-2140400227005.xlsx
https://www.destatis.de/DE/Methoden/Klassifikationen/Gueter-Wirtschaftsklassifikationen/Downloads/melde-warennummern-3200220219015.xlsx?__blob=publicationFile,melde-warennummern-3200220219015.xlsx
https://www.destatis.de/DE/Themen/Staat/Steuern/Unternehmenssteuern/Publikationen/Downloads-Gewerbesteuern/gewerbesteuer-2141020187005.xlsx?__blob=publicationFile,gewerbesteuer-2141020187005.xlsx
https://www.destatis.de/DE/Themen/Wirtschaft/Preise/Publikationen/Energiepreise/statistischer-bericht-energiepreisentwicklung-5619001241055.xlsx?__blob=publicationFile,statistischer-bericht-energiepreisentwicklung-5619001241055.xlsx
https://www.destatis.de/DE/Themen/Gesellschaft-Umwelt/Bevoelkerung/Migration-Integration/Publikationen/Downloads-Migration/statistischer-bericht-einwanderungsgeschichte-erst-5122126237005.xlsx?__blob=publicationFile,statistischer-bericht-einwanderungsgeschichte-erst-5122126237005.xlsx
https://www.destatis.de/DE/Themen/Staat/Steuern/Steuereinnahmen/Publikationen/Downloads-Steuerhaushalt/steuerhaushalt-vierteljahr-2140400223225.xlsx?__blob=publicationFile,steuerhaushalt-vierteljahr-2140400223225.xlsx
https://www.destatis.de/DE/Themen/Gesellschaft-Umwelt/Bevoelkerung/Migration-Integration/Publikationen/Downloads-Migration/statistischer-bericht-einwanderungsgeschichte-end-5122126227005.xlsx?__blob=publicationFile,statistischer-bericht-einwanderungsgeschichte-end-5122126227005.xlsx
https://www.destatis.de/DE/Themen/Wirtschaft/Preise/Publikationen/Energiepreise/statistischer-bericht-energiepreisentwicklung-5619001241045.xlsx?__blob=publicationFile,statistischer-bericht-energiepreisentwicklung-5619001241045.xlsx
https://www.destatis.de/DE/Themen/Laender-Regionen/Regionales/Gemeindeverzeichnis/Administrativ/Archiv/GVAuszugQ/AuszugGV1QAktuell.xlsx?__blob=publicationFile,AuszugGV1QAktuell.xlsx
https://www.destatis.de/DE/Methoden/Klassifikationen/Gueter-Wirtschaftsklassifikationen/Downloads/melde-warennummern-3200220209015.xlsx?__blob=publicationFile,melde-warennummern-3200220209015.xlsx
https://www.destatis.de/DE/Themen/Gesellschaft-Umwelt/Einkommen-Konsum-Lebensbedingungen/Zeitverwendung/Publikationen/Downloads-Zeitverwendung/zeitverwendung-5639102139005.xlsx?__blob=publicationFile,zeitverwendung-5639102139005.xlsx
https://www.destatis.de/DE/Themen/Branchen-Unternehmen/Landwirtschaft-Forstwirtschaft-Fischerei/Wein/Publikationen/Downloads-Wein/grunderhebung-rebflaechen-2030315209005.xlsx?__blob=publicationFile,grunderhebung-rebflaechen-2030315209005.xlsx
https://www.destatis.de/DE/Themen/Gesellschaft-Umwelt/Einkommen-Konsum-Lebensbedingungen/Lebensbedingungen-Armutsgefaehrdung/Publikationen/Downloads-Lebensbedingungen/statistischer-bericht-einkommen-lebensbedingungen-endergebnisse-2150300217005.xlsx?__blob=publicationFile,statistischer-bericht-einkommen-lebensbedingungen-endergebnisse-2150300217005.xlsx
https://www.destatis.de/DE/Themen/Gesellschaft-Umwelt/Umwelt/UGR/landwirtschaft-wald/Publikationen/Downloads/ein-ausfuhr-flaechenbelegung-xlsx-5851311.xlsx?__blob=publicationFile,ein-ausfuhr-flaechenbelegung-xlsx-5851311.xlsx
https://www.destatis.de/DE/Themen/Gesellschaft-Umwelt/Bildung-Forschung-Kultur/Hochschulen/Publikationen/Downloads-Hochschulen/statistischer-bericht-studierende-hochschulen-sommer-semester-2110410237315.xlsx?__blob=publicationFile,statistischer-bericht-studierende-hochschulen-sommer-semester-2110410237315.xlsx
https://www.destatis.de/DE/Themen/Gesellschaft-Umwelt/Einkommen-Konsum-Lebensbedingungen/Vermoegen-Schulden/Publikationen/Downloads-Vermoegen-Schulden/ueberschuldung-2150500217005.xlsx?__blob=publicationFile,ueberschuldung-2150500217005.xlsx
https://www.destatis.de/DE/Themen/Laender-Regionen/Regionales/Gemeindeverzeichnis/Administrativ/Archiv/GVAuszugQ/AuszugGV4QAktuell.xlsx?__blob=publicationFile,AuszugGV4QAktuell.xlsx
https://www.destatis.de/DE/Themen/Gesellschaft-Umwelt/Umwelt/Wasserwirtschaft/Publikationen/Downloads-Wasserwirtschaft/wasser-oeffentlich-2190211199005.xlsx?__blob=publicationFile,wasser-oeffentlich-2190211199005.xlsx
https://www.destatis.de/DE/Methoden/Klassifikationen/Gueter-Wirtschaftsklassifikationen/Downloads/melde-warennummern-3200220199015.xlsx?__blob=publicationFile,melde-warennummern-3200220199015.xlsx
https://www.destatis.de/DE/Themen/Wirtschaft/Preise/Publikationen/Energiepreise/statistischer-bericht-energiepreisentwicklung-5619001241025.xlsx?__blob=publicationFile,statistischer-bericht-energiepreisentwicklung-5619001241025.xlsx
https://www.destatis.de/DE/Themen/Wirtschaft/Preise/Publikationen/Energiepreise/statistischer-bericht-energiepreisentwicklung-5619001241035.xlsx?__blob=publicationFile,statistischer-bericht-energiepreisentwicklung-5619001241035.xlsx
https://www.destatis.de/DE/Themen/Branchen-Unternehmen/Landwirtschaft-Forstwirtschaft-Fischerei/Landwirtschaftliche-Betriebe/Publikationen/Downloads-Landwirtschaftliche-Betriebe/einkommenskombinationen-2030217209005.xlsx?__blob=publicationFile,einkommenskombinationen-2030217209005.xlsx
https://www.destatis.de/DE/Themen/Laender-Regionen/Regionales/Gemeindeverzeichnis/Administrativ/10-arbeitsagentur.xlsx?__blob=publicationFile,10-arbeitsagentur.xlsx
https://www.destatis.de/DE/Themen/Wirtschaft/Preise/Publikationen/Energiepreise/statistischer-bericht-energiepreisentwicklung-5619001241015.xlsx?__blob=publicationFile,statistischer-bericht-energiepreisentwicklung-5619001241015.xlsx
https://www.destatis.de/DE/Methoden/Klassifikationen/Gueter-Wirtschaftsklassifikationen/Downloads/gp-2009-umsteiger-kn-2018.xlsx?__blob=publicationFile,gp-2009-umsteiger-kn-2018.xlsx
https://www.destatis.de/DE/Methoden/Klassifikationen/Gueter-Wirtschaftsklassifikationen/Downloads/gp-2009-umsteiger-kn-2017.xlsx?__blob=publicationFile,gp-2009-umsteiger-kn-2017.xlsx
https://www.destatis.de/DE/Themen/Laender-Regionen/Regionales/Gemeindeverzeichnis/Administrativ/Archiv/GVAuszugJ/31122022_Auszug_GV.xlsx?__blob=publicationFile,31122022_Auszug_GV.xlsx
https://www.destatis.de/DE/Themen/Gesellschaft-Umwelt/Bildung-Forschung-Kultur/Hochschulen/Publikationen/Downloads-Hochschulen/statistischer-bericht-promovierende-5213501227005.xlsx?__blob=publicationFile,statistischer-bericht-promovierende-5213501227005.xlsx
https://www.destatis.de/DE/Themen/Branchen-Unternehmen/Transport-Verkehr/Personenverkehr/Publikationen/Downloads-Luftverkehr/statistischer-bericht-luftverkehr-hauptverkehrsflughaefen-2080600231045.xlsx?__blob=publicationFile,statistischer-bericht-luftverkehr-hauptverkehrsflughaefen-2080600231045.xlsx
https://www.destatis.de/DE/Themen/Gesellschaft-Umwelt/Bevoelkerung/Migration-Integration/Publikationen/Downloads-Migration/schutzsuchende-2010240207005.xlsx?__blob=publicationFile,schutzsuchende-2010240207005.xlsx
https://www.destatis.de/DE/Themen/Gesellschaft-Umwelt/Umwelt/Abfallwirtschaft/Publikationen/Downloads-Abfallwirtschaft/abfallerzeugung-5321601149005.xlsx?__blob=publicationFile,abfallerzeugung-5321601149005.xlsx
https://www.destatis.de/DE/Themen/Staat/Steuern/Unternehmenssteuern/Publikationen/Downloads-Laenderbezogene-Berichte/statistischer-bericht-laenderbezogene-berichte-5739301187005.xlsx?__blob=publicationFile,statistischer-bericht-laenderbezogene-berichte-5739301187005.xlsx
https://www.destatis.de/DE/Methoden/Klassifikationen/Gueter-Wirtschaftsklassifikationen/Downloads/gp-2009-umsteiger-kn-2016.xlsx?__blob=publicationFile,gp-2009-umsteiger-kn-2016.xlsx
https://www.destatis.de/DE/Methoden/Klassifikationen/Gueter-Wirtschaftsklassifikationen/Downloads/gp-2009-umsteiger-kn-2015.xlsx?__blob=publicationFile,gp-2009-umsteiger-kn-2015.xlsx
https://www.destatis.de/DE/Themen/Branchen-Unternehmen/Unternehmen/Kleine-Unternehmen-Mittlere-Unternehmen/Tabellen/kmu-ergebnisse-xls.xlsx?__blob=publicationFile,kmu-ergebnisse-xls.xlsx
https://www.destatis.de/DE/Themen/Branchen-Unternehmen/Industrie-Verarbeitendes-Gewerbe/Publikationen/Downloads-Struktur/jahresbericht-5422701207005.xlsx?__blob=publicationFile,jahresbericht-5422701207005.xlsx
https://www.destatis.de/DE/Themen/Arbeit/Arbeitsmarkt/Erwerbstaetigkeit/Publikationen/Downloads-Erwerbstaetigkeit/statistischer-bericht-mikrozensus-arbeitsmarkt-2010410227005-erstergebnisse.xlsx?__blob=publicationFile,statistischer-bericht-mikrozensus-arbeitsmarkt-2010410227005-erstergebnisse.xlsx
https://www.destatis.de/DE/Methoden/Klassifikationen/Gueter-Wirtschaftsklassifikationen/Downloads/gp-2009-umsteiger-kn-2014.xlsx?__blob=publicationFile,gp-2009-umsteiger-kn-2014.xlsx
https://www.destatis.de/DE/Themen/Gesellschaft-Umwelt/Gesundheit/Gesundheitszustand-Relevantes-Verhalten/Publikationen/Downloads-Gesundheitszustand/krankenversicherung-mikrozensus-2130110199005.xlsx?__blob=publicationFile,krankenversicherung-mikrozensus-2130110199005.xlsx
https://www.destatis.de/DE/Themen/Arbeit/Verdienste/Verdienste-Branche-Berufe/Publikationen/Downloads/arbeitnehmerverdienste-lange-reihe-xlsx-2160240.xlsx?__blob=publicationFile,arbeitnehmerverdienste-lange-reihe-xlsx-2160240.xlsx
https://www.destatis.de/DE/Themen/Gesellschaft-Umwelt/Bildung-Forschung-Kultur/Hochschulen/Publikationen/Downloads-Hochschulen/personal-hochschulen-2110440217005.xlsx?__blob=publicationFile,personal-hochschulen-2110440217005.xlsx
https://www.destatis.de/DE/Themen/Staat/Oeffentliche-Finanzen/Ausgaben-Einnahmen/Publikationen/Downloads-Ausgaben-und-Einnahmen/statistischer-bericht-kassenergebnis-gesamthaushalt-2140200233215.xlsx?__blob=publicationFile,statistischer-bericht-kassenergebnis-gesamthaushalt-2140200233215.xlsx
https://www.destatis.de/DE/Themen/Gesellschaft-Umwelt/Bevoelkerung/Migration-Integration/Publikationen/Downloads-Migration/statistischer-bericht-einwanderungsgeschichte-erst-5122126227005.xlsx?__blob=publicationFile,statistischer-bericht-einwanderungsgeschichte-erst-5122126227005.xlsx
https://www.destatis.de/DE/Themen/Gesellschaft-Umwelt/Bildung-Forschung-Kultur/Bildungsfinanzen-Ausbildungsfoerderung/Publikationen/Downloads-Bildungsfinanzen/kennzahlen-monetaer-2110432207005.xlsx?__blob=publicationFile,kennzahlen-monetaer-2110432207005.xlsx
https://www.destatis.de/DE/Themen/Laender-Regionen/Regionales/Gemeindeverzeichnis/Namens-Grenz-Aenderung/1975.xlsx?__blob=publicationFile,1975.xlsx
https://www.destatis.de/DE/Themen/Branchen-Unternehmen/Unternehmen/IKT-in-Unternehmen-IKT-Branche/Publikationen/Downloads-IKT/informationstechnologie-unternehmen-5529102177005.xlsx?__blob=publicationFile,informationstechnologie-unternehmen-5529102177005.xlsx
https://www.destatis.de/DE/Themen/Gesellschaft-Umwelt/Bevoelkerung/Migration-Integration/Publikationen/Downloads-Migration/migrationshintergrund-sonderausgabe-5122121109005.xlsx?__blob=publicationFile,migrationshintergrund-sonderausgabe-5122121109005.xlsx
https://www.destatis.de/DE/Themen/Gesellschaft-Umwelt/Bildung-Forschung-Kultur/Berufliche-Bildung/Publikationen/Downloads-Berufliche-Bildung/berufliche-bildung-2110300217005.xlsx?__blob=publicationFile,berufliche-bildung-2110300217005.xlsx
https://www.destatis.de/DE/Methoden/Klassifikationen/Gueter-Wirtschaftsklassifikationen/Downloads/klassifikationen-wz-2003-xls.xlsx?__blob=publicationFile,klassifikationen-wz-2003-xls.xlsx
https://www.destatis.de/DE/Themen/Laender-Regionen/Regionales/Gemeindeverzeichnis/Namens-Grenz-Aenderung/1971.xlsx?__blob=publicationFile,1971.xlsx
https://www.destatis.de/DE/Themen/Branchen-Unternehmen/Landwirtschaft-Forstwirtschaft-Fischerei/Landwirtschaftliche-Betriebe/Publikationen/Downloads-Landwirtschaftliche-Betriebe/anbau-gartenbaugewaechse-2030224169005.xlsx?__blob=publicationFile,anbau-gartenbaugewaechse-2030224169005.xlsx
https://www.destatis.de/DE/Themen/Laender-Regionen/Regionales/Gemeindeverzeichnis/Administrativ/Archiv/GVAuszugJ/31122012_Auszug_GV.xlsx?__blob=publicationFile,31122012_Auszug_GV.xlsx
https://www.destatis.de/DE/Themen/Laender-Regionen/Regionales/Gemeindeverzeichnis/Administrativ/Archiv/GVAuszugJ/31121989_Auszug_GV.xlsx?__blob=publicationFile,31121989_Auszug_GV.xlsx
https://www.destatis.de/DE/Themen/Laender-Regionen/Regionales/Gemeindeverzeichnis/Administrativ/Archiv/GVAuszugJ/31122008_Auszug_GV.xlsx?__blob=publicationFile,31122008_Auszug_GV.xlsx
https://www.destatis.de/DE/Themen/Laender-Regionen/Regionales/Gemeindeverzeichnis/Administrativ/Archiv/GVAuszugJ/31121994_Auszug_GV.xlsx?__blob=publicationFile,31121994_Auszug_GV.xlsx
https://www.destatis.de/DE/Themen/Branchen-Unternehmen/Landwirtschaft-Forstwirtschaft-Fischerei/Publikationen/Bodennutzung/bodennutzung-erzeugung-2030300147005.xlsx?__blob=publicationFile,bodennutzung-erzeugung-2030300147005.xlsx
https://www.destatis.de/DE/Themen/Laender-Regionen/Regionales/Gemeindeverzeichnis/Administrativ/Archiv/GVAuszugJ/01011975_Auszug_GV.xlsx?__blob=publicationFile,01011975_Auszug_GV.xlsx
https://www.destatis.de/DE/Themen/Laender-Regionen/Regionales/Gemeindeverzeichnis/Administrativ/Archiv/GVAuszugJ/31121982_Auszug_GV.xlsx?__blob=publicationFile,31121982_Auszug_GV.xlsx
https://www.destatis.de/DE/Themen/Laender-Regionen/Regionales/Gemeindeverzeichnis/Administrativ/Archiv/GVAuszugJ/31121985_Auszug_GV.xlsx?__blob=publicationFile,31121985_Auszug_GV.xlsx
https://www.destatis.de/DE/Methoden/Klassifikationen/Aussenhandel/Downloads/wa-gegenueberstellung-xlsx-2024-2023.xlsx?__blob=publicationFile,wa-gegenueberstellung-xlsx-2024-2023.xlsx
https://www.destatis.de/DE/Methoden/Klassifikationen/Aussenhandel/Downloads/wa-ewg-xls.xlsx?__blob=publicationFile,wa-ewg-xls.xlsx
https://www.destatis.de/DE/Themen/Branchen-Unternehmen/Transport-Verkehr/Personenverkehr/Publikationen/Downloads-Luftverkehr/statistischer-bericht-luftverkehr-2080620237005.xlsx?__blob=publicationFile,statistischer-bericht-luftverkehr-2080620237005.xlsx
https://www.destatis.de/DE/Themen/Staat/Steuern/Steuereinnahmen/Publikationen/Downloads-Steuerhaushalt/statistischer-bericht-steuerhaushalt-2140400243215.xlsx?__blob=publicationFile,statistischer-bericht-steuerhaushalt-2140400243215.xlsx
https://www.destatis.de/DE/Themen/Branchen-Unternehmen/Gastgewerbe-Tourismus/Publikationen/Downloads-Tourismus/statistischer-bericht-monatserhebung-tourismus-2060710241075.xlsx?__blob=publicationFile,statistischer-bericht-monatserhebung-tourismus-2060710241075.xlsx
https://www.destatis.de/DE/Methoden/Klassifikationen/Staat-Gebietsystematik/Staatsangehoerigkeitsgebietsschluessel_xls.xlsx?__blob=publicationFile,Staatsangehoerigkeitsgebietsschluessel_xls.xlsx
https://www.destatis.de/DE/Themen/Wirtschaft/Preise/Einfuhrpreisindex-Ausfuhrpreisindex/Publikationen/Downloads-Ein-und-Ausfuhrpreisindex/statistischer-bericht-ausfuhrpreise-2170820241075.xlsx?__blob=publicationFile,statistischer-bericht-ausfuhrpreise-2170820241075.xlsx
https://www.destatis.de/DE/Themen/Branchen-Unternehmen/Bauen/Publikationen/Downloads-Baugewerbe-Struktur/statistischer-bericht-kostenstruktur-baugewerbe-2040530217005.xlsx?__blob=publicationFile,statistischer-bericht-kostenstruktur-baugewerbe-2040530217005.xlsx
https://www.destatis.de/DE/Themen/Staat/Steuern/Weitere-Steuern/Publikationen/Downloads-weitere-Steuern/statistischer-bericht-erbschaft-schenkungsteuer-5736101237005.xlsx?__blob=publicationFile,statistischer-bericht-erbschaft-schenkungsteuer-5736101237005.xlsx
https://www.destatis.de/DE/Themen/Branchen-Unternehmen/Transport-Verkehr/Gueterverkehr/Publikationen/Downloads-Schifffahrt/statistischer-bericht-binnenschifffahrt-2080400241055.xlsx?__blob=publicationFile,statistischer-bericht-binnenschifffahrt-2080400241055.xlsx
https://www.destatis.de/DE/Themen/Branchen-Unternehmen/Transport-Verkehr/Gueterverkehr/Publikationen/Downloads-Schifffahrt/statistischer-bericht-binnenschifffahrt-2080400241065.xlsx?__blob=publicationFile,statistischer-bericht-binnenschifffahrt-2080400241065.xlsx
https://www.destatis.de/DE/Themen/Staat/Steuern/Steuereinnahmen/Publikationen/Downloads-Realsteuern/statistischer-bericht-realsteuervergleich-2141010237005.xlsx?__blob=publicationFile,statistischer-bericht-realsteuervergleich-2141010237005.xlsx
https://www.destatis.de/DE/Themen/Wirtschaft/Preise/Einfuhrpreisindex-Ausfuhrpreisindex/Publikationen/Downloads-Ein-und-Ausfuhrpreisindex/statistischer-bericht-einfuhrpreise-2170810241075.xlsx?__blob=publicationFile,statistischer-bericht-einfuhrpreise-2170810241075.xlsx
https://www.destatis.de/DE/Themen/Branchen-Unternehmen/Transport-Verkehr/Personenverkehr/Publikationen/Downloads-Luftverkehr/statistischer-bericht-luftverkehr-hauptverkehrsflughaefen-2080600241055.xlsx?__blob=publicationFile,statistischer-bericht-luftverkehr-hauptverkehrsflughaefen-2080600241055.xlsx
https://www.destatis.de/DE/Themen/Gesellschaft-Umwelt/Bildung-Forschung-Kultur/Hochschulen/Publikationen/Downloads-Hochschulen/statistischer-bericht-habilitationen-5213502237005.xlsx?__blob=publicationFile,statistischer-bericht-habilitationen-5213502237005.xlsx
https://www.destatis.de/DE/Themen/Laender-Regionen/Regionales/Gemeindeverzeichnis/Administrativ/Archiv/Verwaltungsgliederung/31122002_Jahr.xlsx?__blob=publicationFile,31122002_Jahr.xlsx
https://www.destatis.de/DE/Themen/Wirtschaft/Preise/Einfuhrpreisindex-Ausfuhrpreisindex/Publikationen/Downloads-Ein-und-Ausfuhrpreisindex/statistischer-bericht-einfuhrpreise-2170810241055.xlsx?__blob=publicationFile,statistischer-bericht-einfuhrpreise-2170810241055.xlsx
https://www.destatis.de/DE/Themen/Branchen-Unternehmen/Gastgewerbe-Tourismus/Publikationen/Downloads-Tourismus/statistischer-bericht-monatserhebung-tourismus-2060710241055.xlsx?__blob=publicationFile,statistischer-bericht-monatserhebung-tourismus-2060710241055.xlsx
https://www.destatis.de/DE/Themen/Wirtschaft/Preise/Einfuhrpreisindex-Ausfuhrpreisindex/Publikationen/Downloads-Ein-und-Ausfuhrpreisindex/statistischer-bericht-ausfuhrpreise-2170820241065.xlsx?__blob=publicationFile,statistischer-bericht-ausfuhrpreise-2170820241065.xlsx
https://www.destatis.de/DE/Themen/Branchen-Unternehmen/Landwirtschaft-Forstwirtschaft-Fischerei/Wein/Publikationen/Downloads-Wein/weinmost-jahr-2030321227155.xlsx?__blob=publicationFile,weinmost-jahr-2030321227155.xlsx
https://www.destatis.de/DE/Themen/Staat/Steuern/Weitere-Steuern/Publikationen/Downloads-weitere-Steuern/erbschaft-schenkungsteuer-5736101217005.xlsx?__blob=publicationFile,erbschaft-schenkungsteuer-5736101217005.xlsx
https://www.destatis.de/DE/Themen/Wirtschaft/Preise/Einfuhrpreisindex-Ausfuhrpreisindex/Publikationen/Downloads-Ein-und-Ausfuhrpreisindex/statistischer-bericht-ausfuhrpreise-2170820241055.xlsx?__blob=publicationFile,statistischer-bericht-ausfuhrpreise-2170820241055.xlsx
https://www.destatis.de/DE/Themen/Gesellschaft-Umwelt/Bildung-Forschung-Kultur/Hochschulen/Tabellen/sonderauswertung-bachelorabschluss.xlsx?__blob=publicationFile,sonderauswertung-bachelorabschluss.xlsx
https://www.destatis.de/DE/Themen/Branchen-Unternehmen/Landwirtschaft-Forstwirtschaft-Fischerei/Wein/Publikationen/Downloads-Wein/weinerzeugung-2030322227005.xlsx?__blob=publicationFile,weinerzeugung-2030322227005.xlsx
https://www.destatis.de/DE/Themen/Wirtschaft/Preise/Einfuhrpreisindex-Ausfuhrpreisindex/Publikationen/Downloads-Ein-und-Ausfuhrpreisindex/statistischer-bericht-einfuhrpreise-2170810241065.xlsx?__blob=publicationFile,statistischer-bericht-einfuhrpreise-2170810241065.xlsx
https://www.destatis.de/DE/Themen/Wirtschaft/Preise/Einfuhrpreisindex-Ausfuhrpreisindex/Publikationen/Downloads-Ein-und-Ausfuhrpreisindex/statistischer-bericht-ausfuhrpreise-2170820241045.xlsx?__blob=publicationFile,statistischer-bericht-ausfuhrpreise-2170820241045.xlsx
https://www.destatis.de/DE/Themen/Wirtschaft/Preise/Einfuhrpreisindex-Ausfuhrpreisindex/Publikationen/Downloads-Ein-und-Ausfuhrpreisindex/statistischer-bericht-ausfuhrpreise-2170820241035.xlsx?__blob=publicationFile,statistischer-bericht-ausfuhrpreise-2170820241035.xlsx
https://www.destatis.de/DE/Themen/Staat/Justiz-Rechtspflege/Publikationen/Downloads-Gerichte/statistischer-bericht-staatsanwaltschaften-2100260237005.xlsx?__blob=publicationFile,statistischer-bericht-staatsanwaltschaften-2100260237005.xlsx
https://www.destatis.de/DE/Themen/Branchen-Unternehmen/Gastgewerbe-Tourismus/Publikationen/Downloads-Tourismus/statistischer-bericht-monatserhebung-tourismus-2060710241035.xlsx?__blob=publicationFile,statistischer-bericht-monatserhebung-tourismus-2060710241035.xlsx
https://www.destatis.de/DE/Themen/Gesellschaft-Umwelt/Umwelt/Umweltoekonomie/Publikationen/Downloads-Umweltoekonomie/statistischer-bericht-investition-umweltschutz-2190310217005.xlsx?__blob=publicationFile,statistischer-bericht-investition-umweltschutz-2190310217005.xlsx
https://www.destatis.de/DE/Themen/Staat/Steuern/Weitere-Steuern/Publikationen/Downloads-weitere-Steuern/statistischer-bericht-erbschaft-schenkungsteuer-5736101227005.xlsx?__blob=publicationFile,statistischer-bericht-erbschaft-schenkungsteuer-5736101227005.xlsx
https://www.destatis.de/DE/Themen/Branchen-Unternehmen/Transport-Verkehr/Personenverkehr/Publikationen/Downloads-Luftverkehr/statistischer-bericht-luftverkehr-hauptverkehrsflughaefen-2080600241025.xlsx?__blob=publicationFile,statistischer-bericht-luftverkehr-hauptverkehrsflughaefen-2080600241025.xlsx
https://www.destatis.de/DE/Themen/Branchen-Unternehmen/Gastgewerbe-Tourismus/Publikationen/Downloads-Tourismus/statistischer-bericht-monatserhebung-tourismus-2060710241045.xlsx?__blob=publicationFile,statistischer-bericht-monatserhebung-tourismus-2060710241045.xlsx
https://www.destatis.de/DE/Themen/Laender-Regionen/Regionales/Gemeindeverzeichnis/Namens-Grenz-Aenderung/1962.xlsx?__blob=publicationFile,1962.xlsx
https://www.destatis.de/DE/Themen/Wirtschaft/Preise/Einfuhrpreisindex-Ausfuhrpreisindex/Publikationen/Downloads-Ein-und-Ausfuhrpreisindex/statistischer-bericht-einfuhrpreise-2170810241045.xlsx?__blob=publicationFile,statistischer-bericht-einfuhrpreise-2170810241045.xlsx
https://www.destatis.de/DE/Themen/Branchen-Unternehmen/Unternehmen/Gewerbemeldungen-Insolvenzen/Publikationen/Downloads-Insolvenzen/statistischer-bericht-beendete-insolvenzverfahren-2020411207005.xlsx?__blob=publicationFile,statistischer-bericht-beendete-insolvenzverfahren-2020411207005.xlsx
https://www.destatis.de/DE/Themen/Wirtschaft/Preise/Einfuhrpreisindex-Ausfuhrpreisindex/Publikationen/Downloads-Ein-und-Ausfuhrpreisindex/statistischer-bericht-einfuhrpreise-2170810241035.xlsx?__blob=publicationFile,statistischer-bericht-einfuhrpreise-2170810241035.xlsx
https://www.destatis.de/DE/Themen/Gesellschaft-Umwelt/Umwelt/UGR/landwirtschaft-wald/Publikationen/Downloads/waldgesamtrechnung-tabellenband-xlsx-5852102.xlsx?__blob=publicationFile,waldgesamtrechnung-tabellenband-xlsx-5852102.xlsx
https://www.destatis.de/DE/Themen/Branchen-Unternehmen/Industrie-Verarbeitendes-Gewerbe/Publikationen/Downloads-Fachstatistiken/rohholz-holzhalbwaren-9030001207005.xlsx?__blob=publicationFile,rohholz-holzhalbwaren-9030001207005.xlsx
https://www.destatis.de/DE/Themen/Wirtschaft/Preise/Einfuhrpreisindex-Ausfuhrpreisindex/Publikationen/Downloads-Ein-und-Ausfuhrpreisindex/statistischer-bericht-ausfuhrpreise-2170820241025.xlsx?__blob=publicationFile,statistischer-bericht-ausfuhrpreise-2170820241025.xlsx
https://www.destatis.de/DE/Themen/Wirtschaft/Preise/Einfuhrpreisindex-Ausfuhrpreisindex/Publikationen/Downloads-Ein-und-Ausfuhrpreisindex/statistischer-bericht-ausfuhrpreise-2170820241015.xlsx?__blob=publicationFile,statistischer-bericht-ausfuhrpreise-2170820241015.xlsx
https://www.destatis.de/DE/Themen/Laender-Regionen/Regionales/Gemeindeverzeichnis/Namens-Grenz-Aenderung/1956.xlsx?__blob=publicationFile,1956.xlsx
https://www.destatis.de/DE/Themen/Branchen-Unternehmen/Gastgewerbe-Tourismus/Publikationen/Downloads-Tourismus/statistischer-bericht-monatserhebung-tourismus-2060710241025.xlsx?__blob=publicationFile,statistischer-bericht-monatserhebung-tourismus-2060710241025.xlsx
https://www.destatis.de/DE/Themen/Wirtschaft/Preise/Einfuhrpreisindex-Ausfuhrpreisindex/Publikationen/Downloads-Ein-und-Ausfuhrpreisindex/statistischer-bericht-einfuhrpreise-2170810241025.xlsx?__blob=publicationFile,statistischer-bericht-einfuhrpreise-2170810241025.xlsx
https://www.destatis.de/DE/Themen/Laender-Regionen/Regionales/Gemeindeverzeichnis/Namens-Grenz-Aenderung/2002.xlsx?__blob=publicationFile,2002.xlsx
https://www.destatis.de/DE/Themen/Branchen-Unternehmen/Gastgewerbe-Tourismus/Publikationen/Downloads-Tourismus/statistischer-bericht-monatserhebung-tourismus-2060710241015.xlsx?__blob=publicationFile,statistischer-bericht-monatserhebung-tourismus-2060710241015.xlsx
https://www.destatis.de/DE/Themen/Wirtschaft/Preise/Einfuhrpreisindex-Ausfuhrpreisindex/Publikationen/Downloads-Ein-und-Ausfuhrpreisindex/statistischer-bericht-einfuhrpreise-2170810241015.xlsx?__blob=publicationFile,statistischer-bericht-einfuhrpreise-2170810241015.xlsx
https://www.destatis.de/DE/Themen/Branchen-Unternehmen/Bauen/Publikationen/Downloads-Querschnitt/bauwirtschaft-1020210221125.xlsx?__blob=publicationFile,bauwirtschaft-1020210221125.xlsx
https://www.destatis.de/DE/Themen/Gesellschaft-Umwelt/Bildung-Forschung-Kultur/Hochschulen/Publikationen/Downloads-Hochschulen/statistischer-bericht-habilitationen-5213502227005.xlsx?__blob=publicationFile,statistischer-bericht-habilitationen-5213502227005.xlsx
https://www.destatis.de/DE/Themen/Branchen-Unternehmen/Gastgewerbe-Tourismus/Publikationen/Downloads-Tourismus/statistischer-bericht-monatserhebung-tourismus-2060710231125.xlsx?__blob=publicationFile,statistischer-bericht-monatserhebung-tourismus-2060710231125.xlsx
https://www.destatis.de/DE/Themen/Branchen-Unternehmen/Dienstleistungen/Publikationen/Downloads-Dienstleistungen-Kostenstruktur/kostenstruktur-waeschereien-2020168189005.xlsx?__blob=publicationFile,kostenstruktur-waeschereien-2020168189005.xlsx
https://www.destatis.de/DE/Themen/Branchen-Unternehmen/Dienstleistungen/Publikationen/Downloads-Dienstleistungen-Kostenstruktur/kostenstruktur-fahr-flugschulen-2020165189005.xlsx?__blob=publicationFile,kostenstruktur-fahr-flugschulen-2020165189005.xlsx
https://www.destatis.de/DE/Themen/Gesellschaft-Umwelt/Soziales/Kinderhilfe-Jugendhilfe/Publikationen/Downloads-Kinder-und-Jugendhilfe/sonstige-einrichtungen-5225403209005.xlsx?__blob=publicationFile,sonstige-einrichtungen-5225403209005.xlsx
https://www.destatis.de/DE/Themen/Branchen-Unternehmen/Dienstleistungen/Publikationen/Downloads-Dienstleistungen-Kostenstruktur/kostenstruktur-bestattung-2020167189005.xlsx?__blob=publicationFile,kostenstruktur-bestattung-2020167189005.xlsx
https://www.destatis.de/DE/Themen/Gesellschaft-Umwelt/Bildung-Forschung-Kultur/Hochschulen/Publikationen/Downloads-Hochschulen/statistischer-bericht-gasthoerer-5213301237005.xlsx?__blob=publicationFile,statistischer-bericht-gasthoerer-5213301237005.xlsx
https://www.destatis.de/DE/Themen/Branchen-Unternehmen/Dienstleistungen/Publikationen/Downloads-Dienstleistungen-Kostenstruktur/kostenstruktur-frisoer-kosmetik-2020164189005.xlsx?__blob=publicationFile,kostenstruktur-frisoer-kosmetik-2020164189005.xlsx
https://www.destatis.de/DE/Themen/Branchen-Unternehmen/Dienstleistungen/Publikationen/Downloads-Dienstleistungen-Kostenstruktur/kostenstrukturaudio-dienstleistung-2020169069005.xlsx?__blob=publicationFile,kostenstrukturaudio-dienstleistung-2020169069005.xlsx
https://www.destatis.de/DE/Themen/Branchen-Unternehmen/Bauen/Publikationen/Downloads-Baugewerbe-Struktur/personen-umsatz-baugewerbe-2040510227005.xlsx?__blob=publicationFile,personen-umsatz-baugewerbe-2040510227005.xlsx
https://www.destatis.de/DE/Themen/Gesellschaft-Umwelt/Gesundheit/Behinderte-Menschen/Publikationen/Downloads-Behinderte-Menschen/statistischer-bericht-lebenslagen-behinderter-menschen-endergebnisse-5122123217005.xlsx?__blob=publicationFile,statistischer-bericht-lebenslagen-behinderter-menschen-endergebnisse-5122123217005.xlsx
https://www.destatis.de/DE/Themen/Branchen-Unternehmen/Dienstleistungen/Publikationen/Downloads-Dienstleistungen-Kostenstruktur/kostenstruktur-gesundheitswesen-2020166189005.xlsx?__blob=publicationFile,kostenstruktur-gesundheitswesen-2020166189005.xlsx
https://www.destatis.de/DE/Themen/Gesellschaft-Umwelt/Gesundheit/Behinderte-Menschen/Publikationen/Downloads-Behinderte-Menschen/lebenslagen-behinderter-menschen-5122123199005.xlsx?__blob=publicationFile,lebenslagen-behinderter-menschen-5122123199005.xlsx
https://www.destatis.de/DE/Themen/Staat/Steuern/Verbrauchsteuern/Publikationen/Downloads-Verbrauchsteuern/verbrauchsteuerstatistik-5791001177005.xlsx?__blob=publicationFile,verbrauchsteuerstatistik-5791001177005.xlsx
https://www.destatis.de/DE/Themen/Branchen-Unternehmen/Dienstleistungen/Publikationen/Downloads-Dienstleistungen-Kostenstruktur/kostenstruktur-fitness-2020163109005.xlsx?__blob=publicationFile,kostenstruktur-fitness-2020163109005.xlsx
https://www.destatis.de/DE/Themen/Branchen-Unternehmen/Dienstleistungen/Publikationen/Downloads-Dienstleistungen-Kostenstruktur/kostenstruktur-sauna-solarien-baeder-2020163109015.xlsx?__blob=publicationFile,kostenstruktur-sauna-solarien-baeder-2020163109015.xlsx
https://www.destatis.de/DE/Themen/Gesellschaft-Umwelt/Bildung-Forschung-Kultur/Hochschulen/Publikationen/Downloads-Hochschulen/statistischer-bericht-studierende-hochschulen-vorb-2110410248005.xlsx?__blob=publicationFile,statistischer-bericht-studierende-hochschulen-vorb-2110410248005.xlsx
https://www.destatis.de/DE/Themen/Gesellschaft-Umwelt/Bildung-Forschung-Kultur/Weiterbildung/Publikationen/Downloads-Weiterbildung/weiterbildung-unternehmen-5215201209005.xlsx?__blob=publicationFile,weiterbildung-unternehmen-5215201209005.xlsx
https://www.destatis.de/DE/Themen/Gesellschaft-Umwelt/Bildung-Forschung-Kultur/Hochschulen/Publikationen/Downloads-Hochschulen/statistischer-bericht-gasthoerer-5213301227005.xlsx?__blob=publicationFile,statistischer-bericht-gasthoerer-5213301227005.xlsx
https://www.destatis.de/DE/Themen/Branchen-Unternehmen/Transport-Verkehr/Personenverkehr/Publikationen/Downloads-Luftverkehr/statistischer-bericht-luftverkehr-hauptverkehrsflughaefen-2080600231055.xlsx?__blob=publicationFile,statistischer-bericht-luftverkehr-hauptverkehrsflughaefen-2080600231055.xlsx
https://www.destatis.de/DE/Themen/Staat/Justiz-Rechtspflege/Publikationen/Downloads-Gerichte/zivilgerichte-2100210217005.xlsx?__blob=publicationFile,zivilgerichte-2100210217005.xlsx
https://www.destatis.de/DE/Themen/Gesellschaft-Umwelt/Soziales/Kindertagesbetreuung/Publikationen/Downloads-Kindertagesbetreuung/tageseinrichtungen-kindertagespflege-5225402227005.xlsx?__blob=publicationFile,tageseinrichtungen-kindertagespflege-5225402227005.xlsx
https://www.destatis.de/DE/Themen/Staat/Justiz-Rechtspflege/Publikationen/Downloads-Gerichte/statistischer-bericht-staatsanwaltschaften-2100260227005.xlsx?__blob=publicationFile,statistischer-bericht-staatsanwaltschaften-2100260227005.xlsx
https://www.destatis.de/DE/Themen/Staat/Justiz-Rechtspflege/Publikationen/Downloads-Gerichte/staatsanwaltschaften-2100260217005.xlsx?__blob=publicationFile,staatsanwaltschaften-2100260217005.xlsx
https://www.destatis.de/DE/Themen/Gesellschaft-Umwelt/Soziales/Kindertagesbetreuung/Publikationen/Downloads-Kindertagesbetreuung/tageseinrichtungen-kindertagespflege-5225402217005.xlsx?__blob=publicationFile,tageseinrichtungen-kindertagespflege-5225402217005.xlsx
https://www.destatis.de/DE/Themen/Gesellschaft-Umwelt/Umwelt/UGR/oekosystemgesamtrechnungen/Publikationen/Downloads/flaechenbilanzierung-oekosysteme-5852202189005.xlsx?__blob=publicationFile,flaechenbilanzierung-oekosysteme-5852202189005.xlsx
https://www.destatis.de/DE/Methoden/Klassifikationen/Gueter-Wirtschaftsklassifikationen/Downloads/klassifikationen-wz-2003-umsteiger-xls.xlsx?__blob=publicationFile,klassifikationen-wz-2003-umsteiger-xls.xlsx
https://www.destatis.de/DE/Themen/Gesellschaft-Umwelt/Bevoelkerung/Bevoelkerungsvorausberechnung/Publikationen/Downloads-Vorausberechnung/statistischer-bericht-pflegevorausberechnung-5124209229005.xlsx?__blob=publicationFile,statistischer-bericht-pflegevorausberechnung-5124209229005.xlsx
https://www.destatis.de/DE/Themen/Laender-Regionen/Regionales/Gemeindeverzeichnis/Administrativ/Archiv/GVAuszugJ/31122014_Auszug_GV.xlsx?__blob=publicationFile,31122014_Auszug_GV.xlsx
https://www.destatis.de/DE/Themen/Laender-Regionen/Regionales/Gemeindeverzeichnis/Administrativ/Archiv/GVAuszugJ/31122018_Auszug_GV.xlsx?__blob=publicationFile,31122018_Auszug_GV.xlsx
https://www.destatis.de/DE/Themen/Laender-Regionen/Regionales/Gemeindeverzeichnis/Administrativ/Archiv/GVAuszugJ/31121997_Auszug_GV.xlsx?__blob=publicationFile,31121997_Auszug_GV.xlsx
https://www.destatis.de/DE/Themen/Laender-Regionen/Regionales/Gemeindeverzeichnis/Administrativ/Archiv/GVAuszugJ/31121995_Auszug_GV.xlsx?__blob=publicationFile,31121995_Auszug_GV.xlsx
https://www.destatis.de/DE/Themen/Laender-Regionen/Regionales/Gemeindeverzeichnis/Administrativ/Archiv/GVAuszugQ/AuszugGV2QVorjahr.xlsx?__blob=publicationFile,AuszugGV2QVorjahr.xlsx
https://www.destatis.de/DE/Themen/Laender-Regionen/Regionales/Gemeindeverzeichnis/Namens-Grenz-Aenderung/2003.xlsx?__blob=publicationFile,2003.xlsx
https://www.destatis.de/DE/Themen/Laender-Regionen/Regionales/Gemeindeverzeichnis/Administrativ/Archiv/GVAuszugJ/31122011_Auszug_GV.xlsx?__blob=publicationFile,31122011_Auszug_GV.xlsx
https://www.destatis.de/DE/Themen/Laender-Regionen/Regionales/Gemeindeverzeichnis/Namens-Grenz-Aenderung/1969.xlsx?__blob=publicationFile,1969.xlsx
https://www.destatis.de/DE/Themen/Branchen-Unternehmen/Unternehmen/Gewerbemeldungen-Insolvenzen/Publikationen/Downloads-Insolvenzen/statistischer-bericht-beendete-insolvenzverfahren-2020411197005.xlsx?__blob=publicationFile,statistischer-bericht-beendete-insolvenzverfahren-2020411197005.xlsx
https://www.destatis.de/DE/Themen/Gesellschaft-Umwelt/Soziales/Kinderschutz/Publikationen/Downloads-Kinderschutz/statistischer-bericht-gefaehrdungseinschaetzungen-5225123237005.xlsx?__blob=publicationFile,statistischer-bericht-gefaehrdungseinschaetzungen-5225123237005.xlsx
https://www.destatis.de/DE/Themen/Staat/Justiz-Rechtspflege/Publikationen/Downloads-Gerichte/statistischer-bericht-familiengerichte-2100220237005.xlsx?__blob=publicationFile,statistischer-bericht-familiengerichte-2100220237005.xlsx
https://www.destatis.de/DE/Themen/Laender-Regionen/Regionales/Gemeindeverzeichnis/Administrativ/Archiv/Verwaltungsgliederung/31122003_Jahr.xlsx?__blob=publicationFile,31122003_Jahr.xlsx
https://www.destatis.de/DE/Themen/Staat/Justiz-Rechtspflege/Publikationen/Downloads-Gerichte/statistischer-bericht-familiengerichte-2100220227005.xlsx?__blob=publicationFile,statistischer-bericht-familiengerichte-2100220227005.xlsx
https://www.destatis.de/DE/Themen/Staat/Steuern/Verbrauchsteuern/Publikationen/Downloads-Verbrauchsteuern/statistischer-bericht-energiesteuerstatistik-2140930237005.xlsx?__blob=publicationFile,statistischer-bericht-energiesteuerstatistik-2140930237005.xlsx
https://www.destatis.de/DE/Themen/Gesellschaft-Umwelt/Gesundheit/Pflege/Publikationen/Downloads-Pflege/laender-pflegeheime-5224102219005.xlsx?__blob=publicationFile,laender-pflegeheime-5224102219005.xlsx
https://www.destatis.de/DE/Themen/Gesellschaft-Umwelt/Bildung-Forschung-Kultur/Hochschulen/Publikationen/Downloads-Hochschulen/statistischer-bericht-schnellmeldung-ws-vorl-5213103248005.xlsx?__blob=publicationFile,statistischer-bericht-schnellmeldung-ws-vorl-5213103248005.xlsx
https://www.destatis.de/DE/Themen/Gesellschaft-Umwelt/Gesundheit/Pflege/Publikationen/Downloads-Pflege/laender-ambulante-pflegedienste-5224101219005.xlsx?__blob=publicationFile,laender-ambulante-pflegedienste-5224101219005.xlsx
https://www.destatis.de/DE/Themen/Gesellschaft-Umwelt/Gesundheit/Pflege/Publikationen/Downloads-Pflege/laender-pflegebeduerftige-5224002219005.xlsx?__blob=publicationFile,laender-pflegebeduerftige-5224002219005.xlsx
https://www.destatis.de/DE/Themen/Laender-Regionen/Regionales/Gemeindeverzeichnis/Namens-Grenz-Aenderung/1954.xlsx?__blob=publicationFile,1954.xlsx
https://www.destatis.de/DE/Themen/Gesellschaft-Umwelt/Bildung-Forschung-Kultur/Bildungsfinanzen-Ausbildungsfoerderung/Publikationen/Downloads-Ausbildungsfoerderung/aufstiegsfortbildung-2110800207005.xlsx?__blob=publicationFile,aufstiegsfortbildung-2110800207005.xlsx
https://www.destatis.de/DE/Themen/Staat/Steuern/Verbrauchsteuern/Publikationen/Downloads-Verbrauchsteuern/energiesteuer-2140930217005.xlsx?__blob=publicationFile,energiesteuer-2140930217005.xlsx
https://www.destatis.de/DE/Themen/Branchen-Unternehmen/Industrie-Verarbeitendes-Gewerbe/Publikationen/Downloads-Struktur/statistischer-bericht-kostenstruktur-2040430227005.xlsx?__blob=publicationFile,statistischer-bericht-kostenstruktur-2040430227005.xlsx
https://www.destatis.de/DE/Methoden/Klassifikationen/Gueter-Wirtschaftsklassifikationen/Downloads/klassifikationen-wz-2003-alpha-xls.xlsx?__blob=publicationFile,klassifikationen-wz-2003-alpha-xls.xlsx
https://www.destatis.de/DE/Themen/Branchen-Unternehmen/Industrie-Verarbeitendes-Gewerbe/Publikationen/Downloads-Struktur/statistischer-bericht-kostenstruktur-2040430217005.xlsx?__blob=publicationFile,statistischer-bericht-kostenstruktur-2040430217005.xlsx
https://www.destatis.de/DE/Themen/Branchen-Unternehmen/Transport-Verkehr/Personenverkehr/Publikationen/Downloads-Luftverkehr/statistischer-bericht-luftverkehr-hauptverkehrsflughaefen-2080610237005.xlsx?__blob=publicationFile,statistischer-bericht-luftverkehr-hauptverkehrsflughaefen-2080610237005.xlsx
https://www.destatis.de/DE/Themen/Gesellschaft-Umwelt/Gesundheit/Pflege/Publikationen/Downloads-Pflege/pflege-deutschlandergebnisse-5224001219005.xlsx?__blob=publicationFile,pflege-deutschlandergebnisse-5224001219005.xlsx
https://www.destatis.de/DE/Themen/Staat/Steuern/Umsatzsteuer/Publikationen/Downloads-Umsatzsteuern/statistischer-bericht-umsatzsteuerstatistik-veranlagungen-2140820197005.xlsx?__blob=publicationFile,statistischer-bericht-umsatzsteuerstatistik-veranlagungen-2140820197005.xlsx
https://www.destatis.de/DE/Themen/Gesellschaft-Umwelt/Bildung-Forschung-Kultur/Schulen/Publikationen/Downloads-Schulen/statistischer-bericht-studienberechtigte-schnellmeldung-5211001238005.xlsx?__blob=publicationFile,statistischer-bericht-studienberechtigte-schnellmeldung-5211001238005.xlsx
https://www.destatis.de/DE/Themen/Branchen-Unternehmen/Transport-Verkehr/Personenverkehr/Publikationen/Downloads-Luftverkehr/statistischer-bericht-luftverkehr-hauptverkehrsflughaefen-2080600231115.xlsx?__blob=publicationFile,statistischer-bericht-luftverkehr-hauptverkehrsflughaefen-2080600231115.xlsx
https://www.destatis.de/DE/Methoden/Klassifikationen/Gueter-Wirtschaftsklassifikationen/Downloads/Klassifikationen-wz-2008-umsteiger-xls.xlsx?__blob=publicationFile,Klassifikationen-wz-2008-umsteiger-xls.xlsx
https://www.destatis.de/DE/Themen/Staat/Steuern/Verbrauchsteuern/Publikationen/Downloads-Verbrauchsteuern/statistischer-bericht-energiesteuerstatistik-2140930227005.xlsx?__blob=publicationFile,statistischer-bericht-energiesteuerstatistik-2140930227005.xlsx
https://www.destatis.de/DE/Themen/Staat/Steuern/Umsatzsteuer/Publikationen/Downloads-Umsatzsteuern/umsatzsteuerstatistik-veranlagungen-2140820187005.xlsx?__blob=publicationFile,umsatzsteuerstatistik-veranlagungen-2140820187005.xlsx
https://www.destatis.de/DE/Themen/Branchen-Unternehmen/Transport-Verkehr/Personenverkehr/Publikationen/Downloads-Luftverkehr/statistischer-bericht-luftverkehr-hauptverkehrsflughaefen-2080600231075.xlsx?__blob=publicationFile,statistischer-bericht-luftverkehr-hauptverkehrsflughaefen-2080600231075.xlsx
https://www.destatis.de/DE/Themen/Branchen-Unternehmen/Industrie-Verarbeitendes-Gewerbe/Publikationen/Downloads-Fachstatistiken/duengemittelversorgung-vierteljahr-2040820213225.xlsx?__blob=publicationFile,duengemittelversorgung-vierteljahr-2040820213225.xlsx
https://www.destatis.de/DE/Themen/Branchen-Unternehmen/Transport-Verkehr/Personenverkehr/Publikationen/Downloads-Luftverkehr/statistischer-bericht-luftverkehr-hauptverkehrsflughaefen-2080600231065.xlsx?__blob=publicationFile,statistischer-bericht-luftverkehr-hauptverkehrsflughaefen-2080600231065.xlsx
https://www.destatis.de/DE/Themen/Branchen-Unternehmen/Transport-Verkehr/Personenverkehr/Publikationen/Downloads-Luftverkehr/statistischer-bericht-luftverkehr-hauptverkehrsflughaefen-2080600231035.xlsx?__blob=publicationFile,statistischer-bericht-luftverkehr-hauptverkehrsflughaefen-2080600231035.xlsx
https://www.destatis.de/DE/Themen/Branchen-Unternehmen/Transport-Verkehr/Personenverkehr/Publikationen/Downloads-Luftverkehr/statistischer-bericht-luftverkehr-hauptverkehrsflughaefen-2080600231015.xlsx?__blob=publicationFile,statistischer-bericht-luftverkehr-hauptverkehrsflughaefen-2080600231015.xlsx
https://www.destatis.de/DE/Themen/Staat/Justiz-Rechtspflege/Publikationen/Downloads-Gerichte/familiengerichte-2100220217005.xlsx?__blob=publicationFile,familiengerichte-2100220217005.xlsx
https://www.destatis.de/DE/Themen/Gesellschaft-Umwelt/Bildung-Forschung-Kultur/Bildungsstand/Publikationen/Downloads-Bildungsstand/bildungsindikatoren-1023017217005.xlsx?__blob=publicationFile,bildungsindikatoren-1023017217005.xlsx
https://www.destatis.de/DE/Themen/Staat/Steuern/Steuereinnahmen/Publikationen/Downloads-Realsteuern/hebesaetze-realsteuern-8148001227005.xlsx?__blob=publicationFile,hebesaetze-realsteuern-8148001227005.xlsx
https://www.destatis.de/DE/Themen/Branchen-Unternehmen/Unternehmen/Gewerbemeldungen-Insolvenzen/Publikationen/Downloads-Gewerbemeldungen/gewerbeanzeigen-laender-5523101207005.xlsx?__blob=publicationFile,gewerbeanzeigen-laender-5523101207005.xlsx
https://www.destatis.de/DE/Themen/Gesellschaft-Umwelt/Bildung-Forschung-Kultur/Hochschulen/Publikationen/Downloads-Hochschulen/studierende-hochschulen-ss-2110410227315.xlsx?__blob=publicationFile,studierende-hochschulen-ss-2110410227315.xlsx
https://www.destatis.de/DE/Methoden/Klassifikationen/Gueter-Wirtschaftsklassifikationen/Downloads/klassifikationen-wz-2008-xls.xlsx?__blob=publicationFile,klassifikationen-wz-2008-xls.xlsx
https://www.destatis.de/DE/Themen/Laender-Regionen/Regionales/Gemeindeverzeichnis/Administrativ/Archiv/GVAuszugJ/31121981_Auszug_GV.xlsx?__blob=publicationFile,31121981_Auszug_GV.xlsx
https://www.destatis.de/DE/Themen/Gesellschaft-Umwelt/Wohnen/Publikationen/Downloads-Wohnen/bestand-wohnungen-2050300217005.xlsx?__blob=publicationFile,bestand-wohnungen-2050300217005.xlsx
https://www.destatis.de/DE/Themen/Laender-Regionen/Regionales/Gemeindeverzeichnis/Namens-Grenz-Aenderung/1977.xlsx?__blob=publicationFile,1977.xlsx
https://www.destatis.de/DE/Themen/Laender-Regionen/Regionales/Gemeindeverzeichnis/Administrativ/Archiv/GVAuszugJ/31122013_Auszug_GV.xlsx?__blob=publicationFile,31122013_Auszug_GV.xlsx
https://www.destatis.de/DE/Themen/Staat/Justiz-Rechtspflege/Publikationen/Downloads-Gerichte/statistischer-bericht-finanzgerichte-2100250237005.xlsx?__blob=publicationFile,statistischer-bericht-finanzgerichte-2100250237005.xlsx
https://www.destatis.de/DE/Themen/Staat/Justiz-Rechtspflege/Publikationen/Downloads-Gerichte/statistischer-bericht-zivilgerichte-2100210237005.xlsx?__blob=publicationFile,statistischer-bericht-zivilgerichte-2100210237005.xlsx
https://www.destatis.de/DE/Themen/Gesellschaft-Umwelt/Bildung-Forschung-Kultur/Berufliche-Bildung/Publikationen/Downloads-Berufliche-Bildung/statistischer-bericht-pflegeberufe-ausbildungsfinanzierung-vo-5212401237005.xlsx?__blob=publicationFile,statistischer-bericht-pflegeberufe-ausbildungsfinanzierung-vo-5212401237005.xlsx
https://www.destatis.de/DE/Themen/Laender-Regionen/Regionales/Gemeindeverzeichnis/Administrativ/Archiv/Verwaltungsgliederung/31122004_Jahr.xlsx?__blob=publicationFile,31122004_Jahr.xlsx
https://www.destatis.de/DE/Themen/Gesellschaft-Umwelt/Bildung-Forschung-Kultur/Bildungsfinanzen-Ausbildungsfoerderung/Publikationen/Downloads-Bildungsfinanzen/statistischer-bericht-kennzahlen-monetaer-2110432227005.xlsx?__blob=publicationFile,statistischer-bericht-kennzahlen-monetaer-2110432227005.xlsx
https://www.destatis.de/DE/Themen/Staat/Steuern/Weitere-Steuern/Publikationen/Downloads-weitere-Steuern/statistischer-bericht-luftverkehrsteuerstatistik-2140960237005.xlsx?__blob=publicationFile,statistischer-bericht-luftverkehrsteuerstatistik-2140960237005.xlsx
https://www.destatis.de/DE/Themen/Staat/Justiz-Rechtspflege/Publikationen/Downloads-Gerichte/statistischer-bericht-finanzgerichte-2100250227005.xlsx?__blob=publicationFile,statistischer-bericht-finanzgerichte-2100250227005.xlsx
https://www.destatis.de/DE/Themen/Wirtschaft/Volkswirtschaftliche-Gesamtrechnungen-Inlandsprodukt/Publikationen/Downloads-Inlandsprodukt/inlandsprodukt-saisonbereinigt-xlsx-2180130.xlsx?__blob=publicationFile,inlandsprodukt-saisonbereinigt-xlsx-2180130.xlsx
https://www.destatis.de/DE/Themen/Branchen-Unternehmen/Landwirtschaft-Forstwirtschaft-Fischerei/Tiere-Tierische-Erzeugung/Publikationen/Downloads-Tiere-und-tierische-Erzeugung/fleischuntersuchung-j-2030430187005.xlsx?__blob=publicationFile,fleischuntersuchung-j-2030430187005.xlsx
https://www.destatis.de/DE/Themen/Laender-Regionen/Regionales/Gemeindeverzeichnis/Namens-Grenz-Aenderung/1967.xlsx?__blob=publicationFile,1967.xlsx
https://www.destatis.de/DE/Themen/Laender-Regionen/Regionales/Gemeindeverzeichnis/Namens-Grenz-Aenderung/1958.xlsx?__blob=publicationFile,1958.xlsx
https://www.destatis.de/DE/Themen/Gesellschaft-Umwelt/Bildung-Forschung-Kultur/Berufliche-Bildung/Publikationen/Downloads-Berufliche-Bildung/statistischer-bericht-pflegeberufe-ausbildungsfinanzierung-vo-5212401227005.xlsx?__blob=publicationFile,statistischer-bericht-pflegeberufe-ausbildungsfinanzierung-vo-5212401227005.xlsx
https://www.destatis.de/DE/Themen/Branchen-Unternehmen/Landwirtschaft-Forstwirtschaft-Fischerei/Tiere-Tierische-Erzeugung/Publikationen/Downloads-Tiere-und-tierische-Erzeugung/fleischuntersuchung-hj-2030430185325.xlsx?__blob=publicationFile,fleischuntersuchung-hj-2030430185325.xlsx
https://www.destatis.de/DE/Themen/Staat/Justiz-Rechtspflege/Publikationen/Downloads-Gerichte/statistischer-bericht-strafgerichte-2100230237005.xlsx?__blob=publicationFile,statistischer-bericht-strafgerichte-2100230237005.xlsx
https://www.destatis.de/DE/Themen/Branchen-Unternehmen/Landwirtschaft-Forstwirtschaft-Fischerei/Obst-Gemuese-Gartenbau/Publikationen/Downloads-Gartenbau/baumschulerhebung-2030317219005.xlsx?__blob=publicationFile,baumschulerhebung-2030317219005.xlsx
https://www.destatis.de/DE/Themen/Laender-Regionen/Regionales/Gemeindeverzeichnis/Namens-Grenz-Aenderung/2004.xlsx?__blob=publicationFile,2004.xlsx
https://www.destatis.de/DE/Themen/Gesellschaft-Umwelt/Umwelt/Klimawirksame-Stoffe/Publikationen/Downloads-Klimawirksame-Stoffe/erhebung-klimawirksamer-stoffe-5324201217005.xlsx?__blob=publicationFile,erhebung-klimawirksamer-stoffe-5324201217005.xlsx
https://www.destatis.de/DE/Themen/Branchen-Unternehmen/Landwirtschaft-Forstwirtschaft-Fischerei/Obst-Gemuese-Gartenbau/Publikationen/Downloads-Gartenbau/zierpflanzen-2030316219005.xlsx?__blob=publicationFile,zierpflanzen-2030316219005.xlsx
https://www.destatis.de/DE/Themen/Staat/Justiz-Rechtspflege/Publikationen/Downloads-Gerichte/statistischer-bericht-zivilgerichte-2100210227005.xlsx?__blob=publicationFile,statistischer-bericht-zivilgerichte-2100210227005.xlsx
https://www.destatis.de/DE/Themen/Gesellschaft-Umwelt/Gesundheit/Gesundheitszustand-Relevantes-Verhalten/Publikationen/Downloads-Gesundheitszustand/koerpermasse-5239003179005.xlsx?__blob=publicationFile,koerpermasse-5239003179005.xlsx
https://www.destatis.de/DE/Themen/Gesellschaft-Umwelt/Gesundheit/Gesundheitszustand-Relevantes-Verhalten/Publikationen/Downloads-Gesundheitszustand/kranke-unfallverletzte-5239001179005.xlsx?__blob=publicationFile,kranke-unfallverletzte-5239001179005.xlsx
https://www.destatis.de/DE/Themen/Staat/Steuern/Unternehmenssteuern/Publikationen/Downloads-Koerperschaftsteuern/statistischer-bericht-koerperschaftsteuerstatistik-2140720197005.xlsx?__blob=publicationFile,statistischer-bericht-koerperschaftsteuerstatistik-2140720197005.xlsx
https://www.destatis.de/DE/Themen/Gesellschaft-Umwelt/Gesundheit/Gesundheitszustand-Relevantes-Verhalten/Publikationen/Downloads-Gesundheitszustand/rauchgewohnheiten-5239004179005.xlsx?__blob=publicationFile,rauchgewohnheiten-5239004179005.xlsx
https://www.destatis.de/DE/Themen/Branchen-Unternehmen/Landwirtschaft-Forstwirtschaft-Fischerei/Feldfruechte-Gruenland/Publikationen/Downloads-Feldfruechte/feldfruechte-juli-august-2030321222055.xlsx?__blob=publicationFile,feldfruechte-juli-august-2030321222055.xlsx
https://www.destatis.de/DE/Themen/Branchen-Unternehmen/Landwirtschaft-Forstwirtschaft-Fischerei/Feldfruechte-Gruenland/Publikationen/Downloads-Feldfruechte/feldfruechte-juni-2030321222035.xlsx?__blob=publicationFile,feldfruechte-juni-2030321222035.xlsx
https://www.destatis.de/DE/Themen/Branchen-Unternehmen/Landwirtschaft-Forstwirtschaft-Fischerei/Feldfruechte-Gruenland/Publikationen/Downloads-Feldfruechte/feldfruechte-august-september-2030321222095.xlsx?__blob=publicationFile,feldfruechte-august-september-2030321222095.xlsx
https://www.destatis.de/DE/Themen/Staat/Oeffentliche-Finanzen/Schulden-Finanzvermoegen/Publikationen/Downloads-Finanzvermoegen/finanzvermoegen-oeffentlicher-haushalt-2140510217005.xlsx?__blob=publicationFile,finanzvermoegen-oeffentlicher-haushalt-2140510217005.xlsx
https://www.destatis.de/DE/Themen/Staat/Oeffentliche-Finanzen/Ausgaben-Einnahmen/Publikationen/Downloads-Ausgaben-und-Einnahmen/statistischer-bericht-kassenergebnis-gesamthaushalt-2140200233245.xlsx?__blob=publicationFile,statistischer-bericht-kassenergebnis-gesamthaushalt-2140200233245.xlsx
https://www.destatis.de/DE/Themen/Staat/Oeffentliche-Finanzen/Schulden-Finanzvermoegen/Publikationen/Downloads-Finanzvermoegen/statistischer-bericht-finanzvermoegen-2140510217005.xlsx?__blob=publicationFile,statistischer-bericht-finanzvermoegen-2140510217005.xlsx
https://www.destatis.de/DE/Themen/Branchen-Unternehmen/Landwirtschaft-Forstwirtschaft-Fischerei/Feldfruechte-Gruenland/Publikationen/Downloads-Feldfruechte/feldfruechte-jahr-2030321227165.xlsx?__blob=publicationFile,feldfruechte-jahr-2030321227165.xlsx
https://www.destatis.de/DE/Themen/Staat/Steuern/Unternehmenssteuern/Publikationen/Downloads-Laenderbezogene-Berichte/statistischer-bericht-laenderbezogene-berichte-5739301207005.xlsx?__blob=publicationFile,statistischer-bericht-laenderbezogene-berichte-5739301207005.xlsx
https://www.destatis.de/DE/Themen/Staat/Steuern/Unternehmenssteuern/Publikationen/Downloads-Koerperschaftsteuern/statistischer-bericht-koerperschaftsteuerstatistik-2140720187005.xlsx?__blob=publicationFile,statistischer-bericht-koerperschaftsteuerstatistik-2140720187005.xlsx
https://www.destatis.de/DE/Themen/Staat/Justiz-Rechtspflege/Publikationen/Downloads-Gerichte/statistischer-bericht-strafgerichte-2100230227005.xlsx?__blob=publicationFile,statistischer-bericht-strafgerichte-2100230227005.xlsx
https://www.destatis.de/DE/Themen/Gesellschaft-Umwelt/Umwelt/Wasserwirtschaft/Publikationen/Downloads-Wasserwirtschaft/klaerschlamm-5322101169005.xlsx?__blob=publicationFile,klaerschlamm-5322101169005.xlsx
https://www.destatis.de/DE/Themen/Gesellschaft-Umwelt/Umwelt/UGR/verkehr-tourismus/Publikationen/Downloads/verkehr-umwelt-5859007207005.xlsx?__blob=publicationFile,verkehr-umwelt-5859007207005.xlsx
https://www.destatis.de/DE/Themen/Gesellschaft-Umwelt/Bildung-Forschung-Kultur/Bildungsfinanzen-Ausbildungsfoerderung/Publikationen/Downloads-Bildungsfinanzen/statistischer-bericht-kennzahlen-monetaer-2110432217005.xlsx?__blob=publicationFile,statistischer-bericht-kennzahlen-monetaer-2110432217005.xlsx
https://www.destatis.de/DE/Themen/Staat/Justiz-Rechtspflege/Publikationen/Downloads-Gerichte/strafgerichte-2100230217005.xlsx?__blob=publicationFile,strafgerichte-2100230217005.xlsx
https://www.destatis.de/DE/Themen/Gesellschaft-Umwelt/Gesundheit/Krankenhaeuser/Publikationen/Downloads-Krankenhaeuser/operationen-prozeduren-5231401217015.xlsx?__blob=publicationFile,operationen-prozeduren-5231401217015.xlsx
https://www.destatis.de/DE/Themen/Gesellschaft-Umwelt/Bevoelkerung/Migration-Integration/Publikationen/Downloads-Migration/auslaend-bevoelkerung-2010200217005.xlsx?__blob=publicationFile,auslaend-bevoelkerung-2010200217005.xlsx
https://www.destatis.de/DE/Themen/Gesellschaft-Umwelt/Bildung-Forschung-Kultur/Hochschulen/Publikationen/Downloads-Hochschulen/studierende-hochschulen-vorb-2110410238005.xlsx?__blob=publicationFile,studierende-hochschulen-vorb-2110410238005.xlsx
https://www.destatis.de/DE/Themen/Gesellschaft-Umwelt/Umwelt/Wasserwirtschaft/Publikationen/Downloads-Wasserwirtschaft/abwasser-oeffentlich-2190212199005.xlsx?__blob=publicationFile,abwasser-oeffentlich-2190212199005.xlsx
https://www.destatis.de/DE/Themen/Wirtschaft/Volkswirtschaftliche-Gesamtrechnungen-Inlandsprodukt/Publikationen/Downloads-Inlandsprodukt/inlandsprodukt-revidiert-saisonbereinigt-2189028919005.xlsx?__blob=publicationFile,inlandsprodukt-revidiert-saisonbereinigt-2189028919005.xlsx
https://www.destatis.de/DE/Themen/Laender-Regionen/Regionales/Gemeindeverzeichnis/Namens-Grenz-Aenderung/1972.xlsx?__blob=publicationFile,1972.xlsx
https://www.destatis.de/DE/Themen/Branchen-Unternehmen/Dienstleistungen/Publikationen/Downloads-Dienstleistungen-Kostenstruktur/kostenstruktur-aerzte-2020161199005.xlsx?__blob=publicationFile,kostenstruktur-aerzte-2020161199005.xlsx
https://www.destatis.de/DE/Themen/Branchen-Unternehmen/Transport-Verkehr/Gueterverkehr/Publikationen/Downloads-Schifffahrt/binnenschifffahrt-jahr-2080400167005.xlsx?__blob=publicationFile,binnenschifffahrt-jahr-2080400167005.xlsx
https://www.destatis.de/DE/Themen/Laender-Regionen/Regionales/Gemeindeverzeichnis/Namens-Grenz-Aenderung/1981.xlsx?__blob=publicationFile,1981.xlsx
https://www.destatis.de/DE/Themen/Laender-Regionen/Regionales/Gemeindeverzeichnis/Administrativ/Archiv/GVAuszugJ/31122015_Auszug_GV.xlsx?__blob=publicationFile,31122015_Auszug_GV.xlsx
https://www.destatis.de/DE/Themen/Gesellschaft-Umwelt/Bildung-Forschung-Kultur/Bildungsstand/Publikationen/Downloads-Bildungsstand/bildungsindikatoren-1023017247005.xlsx?__blob=publicationFile,bildungsindikatoren-1023017247005.xlsx
https://www.destatis.de/DE/Themen/Wirtschaft/Preise/Erzeugerpreisindex-gewerbliche-Produkte/Publikationen/Downloads-Erzeugerpreise/statistischer-bericht-ausgewaehlte-mineraloelerzeugnisse-2170200242085.xlsx?__blob=publicationFile,statistischer-bericht-ausgewaehlte-mineraloelerzeugnisse-2170200242085.xlsx
https://www.destatis.de/DE/Themen/Gesellschaft-Umwelt/Umwelt/UGR/verkehr-tourismus/Publikationen/Downloads/statistischer-bericht-verkehr-umwelt-5859007227005.xlsx?__blob=publicationFile,statistischer-bericht-verkehr-umwelt-5859007227005.xlsx
https://www.destatis.de/DE/Themen/Wirtschaft/Preise/Erzeugerpreisindex-gewerbliche-Produkte/Publikationen/Downloads-Erzeugerpreise/statistischer-bericht-ausgewaehlte-mineraloelerzeugnisse-2170200242075.xlsx?__blob=publicationFile,statistischer-bericht-ausgewaehlte-mineraloelerzeugnisse-2170200242075.xlsx
https://www.destatis.de/DE/Themen/Wirtschaft/Preise/Erzeugerpreisindex-gewerbliche-Produkte/Publikationen/Downloads-Erzeugerpreise/statistischer-bericht-ausgewaehlte-mineraloelerzeugnisse-2170200242045.xlsx?__blob=publicationFile,statistischer-bericht-ausgewaehlte-mineraloelerzeugnisse-2170200242045.xlsx
https://www.destatis.de/DE/Themen/Wirtschaft/Preise/Erzeugerpreisindex-gewerbliche-Produkte/Publikationen/Downloads-Erzeugerpreise/statistischer-bericht-ausgewaehlte-mineraloelerzeugnisse-2170200242055.xlsx?__blob=publicationFile,statistischer-bericht-ausgewaehlte-mineraloelerzeugnisse-2170200242055.xlsx
https://www.destatis.de/DE/Themen/Wirtschaft/Preise/Erzeugerpreisindex-gewerbliche-Produkte/Publikationen/Downloads-Erzeugerpreise/statistischer-bericht-ausgewaehlte-mineraloelerzeugnisse-2170200242015.xlsx?__blob=publicationFile,statistischer-bericht-ausgewaehlte-mineraloelerzeugnisse-2170200242015.xlsx
https://www.destatis.de/DE/Themen/Wirtschaft/Preise/Erzeugerpreisindex-gewerbliche-Produkte/Publikationen/Downloads-Erzeugerpreise/statistischer-bericht-ausgewaehlte-mineraloelerzeugnisse-2170200242035.xlsx?__blob=publicationFile,statistischer-bericht-ausgewaehlte-mineraloelerzeugnisse-2170200242035.xlsx
https://www.destatis.de/DE/Themen/Wirtschaft/Preise/Erzeugerpreisindex-gewerbliche-Produkte/Publikationen/Downloads-Erzeugerpreise/statistischer-bericht-ausgewaehlte-mineraloelerzeugnisse-2170200242025.xlsx?__blob=publicationFile,statistischer-bericht-ausgewaehlte-mineraloelerzeugnisse-2170200242025.xlsx
https://www.destatis.de/DE/Themen/Gesellschaft-Umwelt/Umwelt/UGR/verkehr-tourismus/Publikationen/Downloads/statistischer-bericht-verkehr-umwelt-5859007217005.xlsx?__blob=publicationFile,statistischer-bericht-verkehr-umwelt-5859007217005.xlsx
https://www.destatis.de/DE/Themen/Wirtschaft/Preise/Erzeugerpreisindex-gewerbliche-Produkte/Publikationen/Downloads-Erzeugerpreise/statistischer-bericht-ausgewaehlte-mineraloelerzeugnisse-2170200242065.xlsx?__blob=publicationFile,statistischer-bericht-ausgewaehlte-mineraloelerzeugnisse-2170200242065.xlsx
https://www.destatis.de/DE/Themen/Wirtschaft/Preise/Publikationen/Energiepreise/energiepreisentwicklung-xlsx-5619001.xlsx?__blob=publicationFile,energiepreisentwicklung-xlsx-5619001.xlsx
https://www.destatis.de/DE/Themen/Gesellschaft-Umwelt/Bildung-Forschung-Kultur/Berufliche-Bildung/Publikationen/Downloads-Berufliche-Bildung/statistischer-bericht-auslaendische-berufsqualifikation-5212301237005.xlsx?__blob=publicationFile,statistischer-bericht-auslaendische-berufsqualifikation-5212301237005.xlsx
https://www.destatis.de/DE/Themen/Wirtschaft/Preise/Einfuhrpreisindex-Ausfuhrpreisindex/Publikationen/Downloads-Ein-und-Ausfuhrpreisindex/ausfuhrpreise-lange-reihen-xlsx-5614201.xlsx?__blob=publicationFile,ausfuhrpreise-lange-reihen-xlsx-5614201.xlsx
https://www.destatis.de/DE/Themen/Laender-Regionen/Regionales/Gemeindeverzeichnis/Administrativ/Archiv/Verwaltungsgliederung/31122005_Jahr.xlsx?__blob=publicationFile,31122005_Jahr.xlsx
https://www.destatis.de/DE/Themen/Wirtschaft/Preise/Einfuhrpreisindex-Ausfuhrpreisindex/Publikationen/Downloads-Ein-und-Ausfuhrpreisindex/einfuhrpreise-lange-reihen-xlsx-5614101.xlsx?__blob=publicationFile,einfuhrpreise-lange-reihen-xlsx-5614101.xlsx
https://www.destatis.de/DE/Themen/Gesellschaft-Umwelt/Bildung-Forschung-Kultur/Bildungsstand/Publikationen/Downloads-Bildungsstand/bildungsindikatoren-1023017237005.xlsx?__blob=publicationFile,bildungsindikatoren-1023017237005.xlsx
https://www.destatis.de/DE/Themen/Wirtschaft/Preise/Erzeugerpreisindex-gewerbliche-Produkte/Publikationen/Downloads-Erzeugerpreise/erzeugerpreise-lange-reihen-xlsx-5612401.xlsx?__blob=publicationFile,erzeugerpreise-lange-reihen-xlsx-5612401.xlsx
https://www.destatis.de/DE/Themen/Gesellschaft-Umwelt/Bildung-Forschung-Kultur/Kultur/Publikationen/Downloads-Kultur/kulturfinanzbericht-gesamtmaterial-1023003229005.xlsx?__blob=publicationFile,kulturfinanzbericht-gesamtmaterial-1023003229005.xlsx
https://www.destatis.de/DE/Themen/Gesellschaft-Umwelt/Einkommen-Konsum-Lebensbedingungen/Lebensbedingungen-Armutsgefaehrdung/Publikationen/Downloads-Lebensbedingungen/statistischer-bericht-einkommen-lebensbedingungen-endergebnisse-2150300227005.xlsx?__blob=publicationFile,statistischer-bericht-einkommen-lebensbedingungen-endergebnisse-2150300227005.xlsx
https://www.destatis.de/DE/Themen/Gesellschaft-Umwelt/Bildung-Forschung-Kultur/Bildungsstand/Publikationen/Downloads-Bildungsstand/bildungsindikatoren-1023017227005.xlsx?__blob=publicationFile,bildungsindikatoren-1023017227005.xlsx
https://www.destatis.de/DE/Themen/Laender-Regionen/Regionales/Gemeindeverzeichnis/Administrativ-Nicht/31-raumordnungsregionen.xlsx?__blob=publicationFile,31-raumordnungsregionen.xlsx
https://www.destatis.de/DE/Themen/Wirtschaft/Preise/Einfuhrpreisindex-Ausfuhrpreisindex/Publikationen/Downloads-Ein-und-Ausfuhrpreisindex/einfuhrpreise-2170810221125.xlsx?__blob=publicationFile,einfuhrpreise-2170810221125.xlsx
https://www.destatis.de/DE/Themen/Staat/Oeffentliche-Finanzen/Schulden-Finanzvermoegen/Publikationen/Downloads-Schulden/statistischer-bericht-schulden-2140500237005.xlsx?__blob=publicationFile,statistischer-bericht-schulden-2140500237005.xlsx
https://www.destatis.de/DE/Themen/Gesellschaft-Umwelt/Bildung-Forschung-Kultur/Schulen/Publikationen/Downloads-Schulen/schnellmeldung-ausbildungsberichterstattung-5211002217005.xlsx?__blob=publicationFile,schnellmeldung-ausbildungsberichterstattung-5211002217005.xlsx
https://www.destatis.de/DE/Themen/Laender-Regionen/Regionales/Gemeindeverzeichnis/Administrativ-Nicht/Archiv/Standardtabellen/31RaumordnungsregionenVorjahr.xlsx?__blob=publicationFile,31RaumordnungsregionenVorjahr.xlsx
https://www.destatis.de/DE/Themen/Laender-Regionen/Regionales/Gemeindeverzeichnis/Namens-Grenz-Aenderung/2005.xlsx?__blob=publicationFile,2005.xlsx
https://www.destatis.de/DE/Themen/Branchen-Unternehmen/Landwirtschaft-Forstwirtschaft-Fischerei/Obst-Gemuese-Gartenbau/Publikationen/Downloads-Obst/obst-jahr-2030321227145.xlsx?__blob=publicationFile,obst-jahr-2030321227145.xlsx
https://www.destatis.de/DE/Presse/Pressekonferenzen/2019/Bildung/tabellenband_bildungsindikatoren_laendervergleich.xlsx?__blob=publicationFile,tabellenband_bildungsindikatoren_laendervergleich.xlsx
https://www.destatis.de/DE/Themen/Branchen-Unternehmen/Landwirtschaft-Forstwirtschaft-Fischerei/Obst-Gemuese-Gartenbau/Publikationen/Downloads-Obst/obst-juli-2030321222045.xlsx?__blob=publicationFile,obst-juli-2030321222045.xlsx
https://www.destatis.de/DE/Themen/Branchen-Unternehmen/Landwirtschaft-Forstwirtschaft-Fischerei/Obst-Gemuese-Gartenbau/Publikationen/Downloads-Obst/obst-august-2030321222075.xlsx?__blob=publicationFile,obst-august-2030321222075.xlsx
https://www.destatis.de/DE/Themen/Branchen-Unternehmen/Landwirtschaft-Forstwirtschaft-Fischerei/Landwirtschaftliche-Betriebe/Publikationen/Downloads-Landwirtschaftliche-Betriebe/betriebe-anlagen-5411204139005.xlsx?__blob=publicationFile,betriebe-anlagen-5411204139005.xlsx
https://www.destatis.de/DE/Themen/Wirtschaft/Preise/Einfuhrpreisindex-Ausfuhrpreisindex/Publikationen/Downloads-Ein-und-Ausfuhrpreisindex/ausfuhrpreise-2170820221125.xlsx?__blob=publicationFile,ausfuhrpreise-2170820221125.xlsx
https://www.destatis.de/DE/Themen/Staat/Oeffentliche-Finanzen/Schulden-Finanzvermoegen/Publikationen/Downloads-Schulden/statistischer-bericht-schulden-2140500227005.xlsx?__blob=publicationFile,statistischer-bericht-schulden-2140500227005.xlsx
https://www.destatis.de/DE/Themen/Staat/Oeffentliche-Finanzen/Ausgaben-Einnahmen/Publikationen/Downloads-Ausgaben-und-Einnahmen/statistischer-bericht-kassenergebnis-gesamthaushalt-2140200233235.xlsx?__blob=publicationFile,statistischer-bericht-kassenergebnis-gesamthaushalt-2140200233235.xlsx
https://www.destatis.de/DE/Themen/Staat/Oeffentliche-Finanzen/Ausgaben-Einnahmen/Publikationen/Downloads-Ausgaben-und-Einnahmen/kassenergebnis-oeffentlicher-haushalt-2140200223245.xlsx?__blob=publicationFile,kassenergebnis-oeffentlicher-haushalt-2140200223245.xlsx
https://www.destatis.de/DE/Themen/Branchen-Unternehmen/Landwirtschaft-Forstwirtschaft-Fischerei/Obst-Gemuese-Gartenbau/Publikationen/Downloads-Obst/baumobstflaechen-2030314229005.xlsx?__blob=publicationFile,baumobstflaechen-2030314229005.xlsx
https://www.destatis.de/DE/Themen/Branchen-Unternehmen/Landwirtschaft-Forstwirtschaft-Fischerei/Landwirtschaftliche-Betriebe/Publikationen/Downloads-Landwirtschaftliche-Betriebe/traktoren-erntemaschinen-5411207139005.xlsx?__blob=publicationFile,traktoren-erntemaschinen-5411207139005.xlsx
https://www.destatis.de/DE/Themen/Branchen-Unternehmen/Landwirtschaft-Forstwirtschaft-Fischerei/Obst-Gemuese-Gartenbau/Publikationen/Downloads-Gartenbau/gaertnerische-kulturen-5411401109005.xlsx?__blob=publicationFile,gaertnerische-kulturen-5411401109005.xlsx
https://www.destatis.de/DE/Themen/Wirtschaft/Volkswirtschaftliche-Gesamtrechnungen-Inlandsprodukt/Publikationen/Downloads-Inlandsprodukt/inlandsprodukt-revidiert-vierteljahr-2189027919005.xlsx?__blob=publicationFile,inlandsprodukt-revidiert-vierteljahr-2189027919005.xlsx
https://www.destatis.de/DE/Themen/Laender-Regionen/Regionales/Gemeindeverzeichnis/Administrativ/Archiv/GVAuszugJ/31121978_Auszug_GV.xlsx?__blob=publicationFile,31121978_Auszug_GV.xlsx
https://www.destatis.de/DE/Themen/Laender-Regionen/Regionales/Gemeindeverzeichnis/Namens-Grenz-Aenderung/1996.xlsx?__blob=publicationFile,1996.xlsx
https://www.destatis.de/DE/Themen/Querschnitt/Statistische-Wochenberichte/wochenberichte-wirtschaft-xlsx.xlsx?__blob=publicationFile,wochenberichte-wirtschaft-xlsx.xlsx
https://www.destatis.de/DE/Themen/Querschnitt/Statistische-Wochenberichte/wochenberichte-gesamtpaket-xlsx.xlsx?__blob=publicationFile,wochenberichte-gesamtpaket-xlsx.xlsx
https://www.destatis.de/DE/Themen/Staat/Oeffentlicher-Dienst/Tabellen/sonderauswertung-vollzeitaequivalente_beschaeftige.xlsx?__blob=publicationFile,sonderauswertung-vollzeitaequivalente_beschaeftige.xlsx
https://www.destatis.de/DE/Themen/Laender-Regionen/Regionales/Gemeindeverzeichnis/Administrativ/Archiv/Verwaltungsgliederung/31122006_Jahr.xlsx?__blob=publicationFile,31122006_Jahr.xlsx
https://www.destatis.de/DE/Themen/Laender-Regionen/Regionales/Gemeindeverzeichnis/Namens-Grenz-Aenderung/1959.xlsx?__blob=publicationFile,1959.xlsx
https://www.destatis.de/DE/Themen/Laender-Regionen/Regionales/Gemeindeverzeichnis/Namens-Grenz-Aenderung/2006.xlsx?__blob=publicationFile,2006.xlsx
https://www.destatis.de/DE/Themen/Arbeit/Verdienste/Verdienste-Branche-Berufe/Publikationen/Downloads/indizes-verdienste-lange-reihe-xlsx-2160220.xlsx?__blob=publicationFile,indizes-verdienste-lange-reihe-xlsx-2160220.xlsx
https://www.destatis.de/DE/Themen/Staat/Steuern/Steuereinnahmen/Publikationen/Downloads-Realsteuern/aenderung-realsteuerhebesatz-5712301227005.xlsx?__blob=publicationFile,aenderung-realsteuerhebesatz-5712301227005.xlsx
https://www.destatis.de/DE/Themen/Gesellschaft-Umwelt/Bildung-Forschung-Kultur/Hochschulen/Publikationen/Downloads-Hochschulen/personal-vorbericht-5213402188005.xlsx?__blob=publicationFile,personal-vorbericht-5213402188005.xlsx
https://www.destatis.de/DE/Themen/Laender-Regionen/Regionales/Gemeindeverzeichnis/Namens-Grenz-Aenderung/1998.xlsx?__blob=publicationFile,1998.xlsx
https://www.destatis.de/DE/Themen/Laender-Regionen/Regionales/Gemeindeverzeichnis/Administrativ/Archiv/GVAuszugQ/AuszugGV3QVorjahr.xlsx?__blob=publicationFile,AuszugGV3QVorjahr.xlsx
https://www.destatis.de/DE/Themen/Laender-Regionen/Regionales/Gemeindeverzeichnis/Administrativ/Archiv/GVAuszugQ/AuszugGV1QVorjahr.xlsx?__blob=publicationFile,AuszugGV1QVorjahr.xlsx
https://www.destatis.de/DE/Themen/Laender-Regionen/Regionales/Gemeindeverzeichnis/Administrativ/Archiv/GVAuszugQ/AuszugGV4QVorjahr.xlsx?__blob=publicationFile,AuszugGV4QVorjahr.xlsx
https://www.destatis.de/DE/Themen/Laender-Regionen/Regionales/Gemeindeverzeichnis/Namens-Grenz-Aenderung/2007.xlsx?__blob=publicationFile,2007.xlsx
https://www.destatis.de/DE/Themen/Laender-Regionen/Regionales/Gemeindeverzeichnis/Administrativ/Archiv/GVAuszugJ/31122019_Auszug_GV.xlsx?__blob=publicationFile,31122019_Auszug_GV.xlsx
https://www.destatis.de/DE/Themen/Staat/Steuern/Lohnsteuer-Einkommensteuer/Publikationen/Downloads-Lohn-und-Einkommenssteuern/statistischer-bericht-lohn-einkommensteuer-schulgeld-5731103207005.xlsx?__blob=publicationFile,statistischer-bericht-lohn-einkommensteuer-schulgeld-5731103207005.xlsx
https://www.destatis.de/DE/Themen/Staat/Justiz-Rechtspflege/Publikationen/Downloads-Gerichte/statistischer-bericht-arbeitsgerichte-2100280237005.xlsx?__blob=publicationFile,statistischer-bericht-arbeitsgerichte-2100280237005.xlsx
https://www.destatis.de/DE/Themen/Laender-Regionen/Regionales/Gemeindeverzeichnis/Administrativ/Archiv/Verwaltungsgliederung/31122007_Jahr.xlsx?__blob=publicationFile,31122007_Jahr.xlsx
https://www.destatis.de/DE/Themen/Staat/Steuern/Lohnsteuer-Einkommensteuer/Publikationen/Downloads-Lohn-und-Einkommenssteuern/statistischer-bericht-lohn-einkommensteuer-spenden-5731104207005.xlsx?__blob=publicationFile,statistischer-bericht-lohn-einkommensteuer-spenden-5731104207005.xlsx
https://www.destatis.de/DE/Themen/Arbeit/Verdienste/Realloehne-Nettoverdienste/Publikationen/Downloads-Realloehne-Nettoverdienste/nettoverdienste-modellrechnung-2160250217005.xlsx?__blob=publicationFile,nettoverdienste-modellrechnung-2160250217005.xlsx
https://www.destatis.de/DE/Themen/Gesellschaft-Umwelt/Bildung-Forschung-Kultur/Bildungsfinanzen-Ausbildungsfoerderung/Publikationen/Downloads-Bildungsfinanzen/statistischer-bericht-ausgaben-schueler-5217109227005.xlsx?__blob=publicationFile,statistischer-bericht-ausgaben-schueler-5217109227005.xlsx
https://www.destatis.de/DE/Themen/Staat/Oeffentliche-Finanzen/Schulden-Finanzvermoegen/Publikationen/Downloads-Finanzvermoegen/statistischer-bericht-finanzvermoegen-2140510237005.xlsx?__blob=publicationFile,statistischer-bericht-finanzvermoegen-2140510237005.xlsx
https://www.destatis.de/DE/Themen/Gesellschaft-Umwelt/Umwelt/Wasserwirtschaft/Publikationen/Downloads-Wasserwirtschaft/statistischer-bericht-wasser-oeffentlich-2190211229005.xlsx?__blob=publicationFile,statistischer-bericht-wasser-oeffentlich-2190211229005.xlsx
https://www.destatis.de/DE/Themen/Staat/Justiz-Rechtspflege/Publikationen/Downloads-Gerichte/statistischer-bericht-arbeitsgerichte-2100280227005.xlsx?__blob=publicationFile,statistischer-bericht-arbeitsgerichte-2100280227005.xlsx
https://www.destatis.de/DE/Themen/Branchen-Unternehmen/Transport-Verkehr/Gueterverkehr/Publikationen/Downloads-Schifffahrt/binnenschifffahrt-monat-2080400221055.xlsx?__blob=publicationFile,binnenschifffahrt-monat-2080400221055.xlsx
https://www.destatis.de/DE/Themen/Arbeit/Verdienste/Realloehne-Nettoverdienste/Publikationen/Downloads-Realloehne-Nettoverdienste/reallohnindex-xlsx-5623209.xlsx?__blob=publicationFile,reallohnindex-xlsx-5623209.xlsx
https://www.destatis.de/DE/Themen/Gesellschaft-Umwelt/Gesundheit/Behinderte-Menschen/Publikationen/Downloads-Behinderte-Menschen/sozial-schwerbehinderte-kb-5227101219005.xlsx?__blob=publicationFile,sozial-schwerbehinderte-kb-5227101219005.xlsx
https://www.destatis.de/DE/Themen/Gesellschaft-Umwelt/Bildung-Forschung-Kultur/Bildungsfinanzen-Ausbildungsfoerderung/Publikationen/Downloads-Bildungsfinanzen/statistischer-bericht-ausgaben-schueler-5217109217005.xlsx?__blob=publicationFile,statistischer-bericht-ausgaben-schueler-5217109217005.xlsx
https://www.destatis.de/DE/Themen/Gesellschaft-Umwelt/Bevoelkerung/Migration-Integration/Publikationen/Downloads-Migration/schutzsuchende-2010240217005.xlsx?__blob=publicationFile,schutzsuchende-2010240217005.xlsx
https://www.destatis.de/DE/Themen/Branchen-Unternehmen/Landwirtschaft-Forstwirtschaft-Fischerei/Wein/Publikationen/Downloads-Wein/weinmost-september-2030321222105.xlsx?__blob=publicationFile,weinmost-september-2030321222105.xlsx
https://www.destatis.de/DE/Themen/Gesellschaft-Umwelt/Soziales/Elterngeld/Publikationen/Downloads-Elterngeld/elterngeld-geburten-j-5229201199005.xlsx?__blob=publicationFile,elterngeld-geburten-j-5229201199005.xlsx
https://www.destatis.de/DE/Methoden/Klassifikationen/Aussenhandel/Downloads/sitc-gg-wa.xlsx?__blob=publicationFile,sitc-gg-wa.xlsx
https://www.destatis.de/DE/Themen/Branchen-Unternehmen/Landwirtschaft-Forstwirtschaft-Fischerei/Wein/Publikationen/Downloads-Wein/weinmost-august-2030321222065.xlsx?__blob=publicationFile,weinmost-august-2030321222065.xlsx
https://www.destatis.de/DE/Themen/Branchen-Unternehmen/Landwirtschaft-Forstwirtschaft-Fischerei/Wein/Publikationen/Downloads-Wein/weinmost-oktober-2030321222125.xlsx?__blob=publicationFile,weinmost-oktober-2030321222125.xlsx
https://www.destatis.de/DE/Themen/Laender-Regionen/Regionales/Gemeindeverzeichnis/Namens-Grenz-Aenderung/2008.xlsx?__blob=publicationFile,2008.xlsx
https://www.destatis.de/DE/Themen/Staat/Oeffentliche-Finanzen/Ausgaben-Einnahmen/Publikationen/Downloads-Ausgaben-und-Einnahmen/statistischer-bericht-kassenergebnis-gesamthaushalt-2140200233225.xlsx?__blob=publicationFile,statistischer-bericht-kassenergebnis-gesamthaushalt-2140200233225.xlsx
https://www.destatis.de/DE/Themen/Querschnitt/Statistische-Wochenberichte/wochenberichte-preise-xlsx.xlsx?__blob=publicationFile,wochenberichte-preise-xlsx.xlsx
https://www.destatis.de/DE/Themen/Querschnitt/Statistische-Wochenberichte/wochenberichte-bevoelkerung-xlsx.xlsx?__blob=publicationFile,wochenberichte-bevoelkerung-xlsx.xlsx
https://www.destatis.de/DE/Themen/Wirtschaft/Preise/Grosshandelspreisindex/Publikationen/Downloads-Grosshandelspreise/statistischer-bericht-grosshandelsverkaufspreise-2170600241085.xlsx?__blob=publicationFile,statistischer-bericht-grosshandelsverkaufspreise-2170600241085.xlsx
https://www.destatis.de/DE/Themen/Branchen-Unternehmen/Industrie-Verarbeitendes-Gewerbe/Tabellen/Lkw-Maut-Fahrleistungsindex-Daten.xlsx?__blob=publicationFile,Lkw-Maut-Fahrleistungsindex-Daten.xlsx
https://www.destatis.de/DE/Themen/Wirtschaft/Preise/Grosshandelspreisindex/Publikationen/Downloads-Grosshandelspreise/statistischer-bericht-grosshandelsverkaufspreise-2170600241055.xlsx?__blob=publicationFile,statistischer-bericht-grosshandelsverkaufspreise-2170600241055.xlsx
https://www.destatis.de/DE/Themen/Branchen-Unternehmen/Bauen/Publikationen/Downloads-Baugewerbe-Struktur/statistischer-bericht-kostenstruktur-baugewerbe-2040530227005.xlsx?__blob=publicationFile,statistischer-bericht-kostenstruktur-baugewerbe-2040530227005.xlsx
https://www.destatis.de/DE/Themen/Wirtschaft/Preise/Grosshandelspreisindex/Publikationen/Downloads-Grosshandelspreise/statistischer-bericht-grosshandelsverkaufspreise-2170600241065.xlsx?__blob=publicationFile,statistischer-bericht-grosshandelsverkaufspreise-2170600241065.xlsx
https://www.destatis.de/DE/Themen/Wirtschaft/Preise/Grosshandelspreisindex/Publikationen/Downloads-Grosshandelspreise/statistischer-bericht-grosshandelsverkaufspreise-2170600241075.xlsx?__blob=publicationFile,statistischer-bericht-grosshandelsverkaufspreise-2170600241075.xlsx
https://www.destatis.de/DE/Themen/Branchen-Unternehmen/Dienstleistungen/Publikationen/Downloads-Dienstleistungen-Kostenstruktur/statistischer-bericht-kostenstruktur-med-bereich-2020161227005.xlsx?__blob=publicationFile,statistischer-bericht-kostenstruktur-med-bereich-2020161227005.xlsx
https://www.destatis.de/DE/Themen/Gesellschaft-Umwelt/Bildung-Forschung-Kultur/Hochschulen/Publikationen/Downloads-Hochschulen/statistischer-bericht-erfolgsquoten-5213001227005.xlsx?__blob=publicationFile,statistischer-bericht-erfolgsquoten-5213001227005.xlsx
https://www.destatis.de/DE/Themen/Laender-Regionen/Regionales/Gemeindeverzeichnis/Administrativ/Archiv/Verwaltungsgliederung/31122008_Jahr.xlsx?__blob=publicationFile,31122008_Jahr.xlsx
https://www.destatis.de/DE/Themen/Wirtschaft/Preise/Grosshandelspreisindex/Publikationen/Downloads-Grosshandelspreise/statistischer-bericht-grosshandelsverkaufspreise-2170600241025.xlsx?__blob=publicationFile,statistischer-bericht-grosshandelsverkaufspreise-2170600241025.xlsx
https://www.destatis.de/DE/Themen/Wirtschaft/Preise/Grosshandelspreisindex/Publikationen/Downloads-Grosshandelspreise/statistischer-bericht-grosshandelsverkaufspreise-2170600241035.xlsx?__blob=publicationFile,statistischer-bericht-grosshandelsverkaufspreise-2170600241035.xlsx
https://www.destatis.de/DE/Themen/Wirtschaft/Preise/Grosshandelspreisindex/Publikationen/Downloads-Grosshandelspreise/statistischer-bericht-grosshandelsverkaufspreise-2170600241045.xlsx?__blob=publicationFile,statistischer-bericht-grosshandelsverkaufspreise-2170600241045.xlsx
https://www.destatis.de/DE/Themen/Wirtschaft/Volkswirtschaftliche-Gesamtrechnungen-Inlandsprodukt/Publikationen/Downloads-Input-Output-Rechnung/input-output-12-guetergruppen-xlsx-5815117.xlsx?__blob=publicationFile,input-output-12-guetergruppen-xlsx-5815117.xlsx
https://www.destatis.de/DE/Themen/Wirtschaft/Preise/Grosshandelspreisindex/Publikationen/Downloads-Grosshandelspreise/statistischer-bericht-grosshandelsverkaufspreise-2170600241015.xlsx?__blob=publicationFile,statistischer-bericht-grosshandelsverkaufspreise-2170600241015.xlsx
https://www.destatis.de/DE/Themen/Gesellschaft-Umwelt/Umwelt/UGR/energiefluesse-emissionen/Publikationen/Downloads/direkte-und-indirekte-energiefluesse-emissionen-xlsx-5859006.xlsx?__blob=publicationFile,direkte-und-indirekte-energiefluesse-emissionen-xlsx-5859006.xlsx
https://www.destatis.de/DE/Themen/Wirtschaft/Volkswirtschaftliche-Gesamtrechnungen-Inlandsprodukt/Publikationen/Downloads-Inlandsprodukt/produktions-importabgaben-xlsx-5811102.xlsx?__blob=publicationFile,produktions-importabgaben-xlsx-5811102.xlsx
https://www.destatis.de/DE/Themen/Gesellschaft-Umwelt/Umwelt/Wasserwirtschaft/Publikationen/Downloads-Wasserwirtschaft/wasser-abwasser-nichtoeffentlich-2190220199005.xlsx?__blob=publicationFile,wasser-abwasser-nichtoeffentlich-2190220199005.xlsx
https://www.destatis.de/DE/Methoden/Klassifikationen/Gueter-Wirtschaftsklassifikationen/Downloads/klassifikationen-wz-2008-alpha-xls.xlsx?__blob=publicationFile,klassifikationen-wz-2008-alpha-xls.xlsx
https://www.destatis.de/DE/Themen/Branchen-Unternehmen/Bauen/Publikationen/Downloads-Baugewerbe-Struktur/lange-reihen-betriebserhebung-bau-ausbaugewerbe-xlsx-5442001.xlsx?__blob=publicationFile,lange-reihen-betriebserhebung-bau-ausbaugewerbe-xlsx-5442001.xlsx
https://www.destatis.de/DE/Themen/Wirtschaft/Volkswirtschaftliche-Gesamtrechnungen-Inlandsprodukt/Publikationen/Downloads-Inlandsprodukt/inlandsprodukt-vierteljahr-xlsx-2180120.xlsx?__blob=publicationFile,inlandsprodukt-vierteljahr-xlsx-2180120.xlsx
https://www.destatis.de/DE/Themen/Gesellschaft-Umwelt/Bildung-Forschung-Kultur/Hochschulen/Publikationen/Downloads-Hochschulen/statistischer-bericht-berufsakademien-2110480227005.xlsx?__blob=publicationFile,statistischer-bericht-berufsakademien-2110480227005.xlsx
https://www.destatis.de/DE/Methoden/Klassifikationen/Gueter-Wirtschaftsklassifikationen/Downloads/klassifikation-wz-2008-alpha-stichwortverzeichnis-aktuell.xlsx?__blob=publicationFile,klassifikation-wz-2008-alpha-stichwortverzeichnis-aktuell.xlsx
https://www.destatis.de/DE/Themen/Staat/Steuern/Weitere-Steuern/Publikationen/Downloads-weitere-Steuern/luftverkehrsteuer-2140960217005.xlsx?__blob=publicationFile,luftverkehrsteuer-2140960217005.xlsx
https://www.destatis.de/DE/Themen/Branchen-Unternehmen/Dienstleistungen/Publikationen/Downloads-Dienstleistungen-Kostenstruktur/statistischer-bericht-kostenstruktur-med-bereich-2020161217005.xlsx?__blob=publicationFile,statistischer-bericht-kostenstruktur-med-bereich-2020161217005.xlsx
https://www.destatis.de/DE/Themen/Branchen-Unternehmen/Landwirtschaft-Forstwirtschaft-Fischerei/Tiere-Tierische-Erzeugung/Publikationen/Downloads-Tiere-und-tierische-Erzeugung/gefluegel-2030423187005.xlsx?__blob=publicationFile,gefluegel-2030423187005.xlsx
https://www.destatis.de/DE/Themen/Branchen-Unternehmen/Industrie-Verarbeitendes-Gewerbe/Tabellen/sonderauswertung-kse-vg.xlsx?__blob=publicationFile,sonderauswertung-kse-vg.xlsx
https://www.destatis.de/DE/Themen/Gesellschaft-Umwelt/Soziales/Jugendarbeit/Publikationen/Downloads-Jugendarbeit/angebote-jugendarbeit-5225301219005.xlsx?__blob=publicationFile,angebote-jugendarbeit-5225301219005.xlsx
https://www.destatis.de/DE/Themen/Gesellschaft-Umwelt/Nachhaltigkeitsindikatoren/Publikationen/Downloads-Nachhaltigkeit/indikatoren-un-nachhaltigkeitziele-2018-xlsx.xlsx?__blob=publicationFile,indikatoren-un-nachhaltigkeitziele-2018-xlsx.xlsx
https://www.destatis.de/DE/Themen/Branchen-Unternehmen/Unternehmen/Gewerbemeldungen-Insolvenzen/Publikationen/Downloads-Insolvenzen/beendete-insolvenzverfahren-2020411187005.xlsx?__blob=publicationFile,beendete-insolvenzverfahren-2020411187005.xlsx
https://www.destatis.de/DE/Themen/Gesellschaft-Umwelt/Soziales/Elterngeld/Publikationen/Downloads-Elterngeld/elterngeld-leistungsbezuege-j-5229210217005.xlsx?__blob=publicationFile,elterngeld-leistungsbezuege-j-5229210217005.xlsx
https://www.destatis.de/DE/Themen/Branchen-Unternehmen/Landwirtschaft-Forstwirtschaft-Fischerei/Publikationen/Bodennutzung/anbau-ackerland-vorbericht-2030312228005.xlsx?__blob=publicationFile,anbau-ackerland-vorbericht-2030312228005.xlsx
https://www.destatis.de/DE/Themen/Branchen-Unternehmen/Industrie-Verarbeitendes-Gewerbe/Tabellen/umastzindex-wert.xlsx?__blob=publicationFile,umastzindex-wert.xlsx
https://www.destatis.de/DE/Themen/Gesellschaft-Umwelt/Umwelt/UGR/umweltschutzausgaben/Publikationen/Downloads/umweltschutzausgaben-xlsx-5854102.xlsx?__blob=publicationFile,umweltschutzausgaben-xlsx-5854102.xlsx
https://www.destatis.de/DE/Themen/Branchen-Unternehmen/Industrie-Verarbeitendes-Gewerbe/Tabellen/auftragseingangsindex-wert.xlsx?__blob=publicationFile,auftragseingangsindex-wert.xlsx
https://www.destatis.de/DE/Themen/Branchen-Unternehmen/Landwirtschaft-Forstwirtschaft-Fischerei/Publikationen/Bodennutzung/landwirtschaftliche-nutzflaeche-2030312227005.xlsx?__blob=publicationFile,landwirtschaftliche-nutzflaeche-2030312227005.xlsx
https://www.destatis.de/DE/Themen/Branchen-Unternehmen/Industrie-Verarbeitendes-Gewerbe/Tabellen/umsatzindex-veraenderungsrate.xlsx?__blob=publicationFile,umsatzindex-veraenderungsrate.xlsx
https://www.destatis.de/DE/Themen/Branchen-Unternehmen/Industrie-Verarbeitendes-Gewerbe/Tabellen/auftragseingangsindex-veraenderungsrate.xlsx?__blob=publicationFile,auftragseingangsindex-veraenderungsrate.xlsx
https://www.destatis.de/DE/Themen/Branchen-Unternehmen/Handwerk/Publikationen/Downloads-Handwerk/unternehmen-personen-umsatz-2040720197005.xlsx?__blob=publicationFile,unternehmen-personen-umsatz-2040720197005.xlsx
https://www.destatis.de/DE/Themen/Arbeit/Arbeitskosten-Lohnnebenkosten/Publikationen/Downloads-Arbeits-und-Lohnnebenkosten/aufwendungen-anwartschaften-bav-5629101129005.xlsx?__blob=publicationFile,aufwendungen-anwartschaften-bav-5629101129005.xlsx
https://www.destatis.de/DE/Themen/Staat/Steuern/Unternehmenssteuern/Publikationen/Downloads-Laenderbezogene-Berichte/statistischer-bericht-laenderbezogene-berichte-5739301197005.xlsx?__blob=publicationFile,statistischer-bericht-laenderbezogene-berichte-5739301197005.xlsx
https://www.destatis.de/DE/Themen/Gesellschaft-Umwelt/Umwelt/UGR/oekosystemgesamtrechnungen/Publikationen/Downloads/statistischer-bericht-zustandsbilanz-oekosysteme-5853201239005.xlsx?__blob=publicationFile,statistischer-bericht-zustandsbilanz-oekosysteme-5853201239005.xlsx
https://www.destatis.de/DE/Themen/Branchen-Unternehmen/Industrie-Verarbeitendes-Gewerbe/Publikationen/Downloads-Struktur/material-und-wareneingangserhebung-2040424149005.xlsx?__blob=publicationFile,material-und-wareneingangserhebung-2040424149005.xlsx
https://www.destatis.de/DE/Themen/Gesellschaft-Umwelt/Soziales/Elterngeld/Publikationen/Downloads-Elterngeld/elterngeld-leistungsbezuege-wohnsitz-kreisebene-j-5229211187005.xlsx?__blob=publicationFile,elterngeld-leistungsbezuege-wohnsitz-kreisebene-j-5229211187005.xlsx
https://www.destatis.de/DE/Themen/Laender-Regionen/Regionales/Gemeindeverzeichnis/Namens-Grenz-Aenderung/1999.xlsx?__blob=publicationFile,1999.xlsx
https://www.destatis.de/DE/Themen/Gesellschaft-Umwelt/Bildung-Forschung-Kultur/Hochschulen/Publikationen/Downloads-Hochschulen/statistischer-bericht-promovierende-5213501237005.xlsx?__blob=publicationFile,statistischer-bericht-promovierende-5213501237005.xlsx
https://www.destatis.de/DE/Themen/Wirtschaft/Preise/Erzeugerpreisindex-gewerbliche-Produkte/Publikationen/Downloads-Erzeugerpreise/statistischer-bericht-erzeugerpreise-2170200241085.xlsx?__blob=publicationFile,statistischer-bericht-erzeugerpreise-2170200241085.xlsx
https://www.destatis.de/DE/Themen/Wirtschaft/Preise/Erzeugerpreisindex-gewerbliche-Produkte/Publikationen/Downloads-Erzeugerpreise/statistischer-bericht-erzeugerpreise-2170200241075.xlsx?__blob=publicationFile,statistischer-bericht-erzeugerpreise-2170200241075.xlsx
https://www.destatis.de/DE/Methoden/Klassifikationen/Gueter-Wirtschaftsklassifikationen/Downloads/gp-2019-gegenueber-gp-2009.xlsx?__blob=publicationFile,gp-2019-gegenueber-gp-2009.xlsx
https://www.destatis.de/DE/Methoden/Klassifikationen/Gueter-Wirtschaftsklassifikationen/Downloads/stichwortverzeichnis-gp-09-xls-3200210.xlsx?__blob=publicationFile,stichwortverzeichnis-gp-09-xls-3200210.xlsx
https://www.destatis.de/DE/Themen/Wirtschaft/Preise/Erzeugerpreisindex-gewerbliche-Produkte/Publikationen/Downloads-Erzeugerpreise/statistischer-bericht-erzeugerpreise-2170200241065.xlsx?__blob=publicationFile,statistischer-bericht-erzeugerpreise-2170200241065.xlsx
https://www.destatis.de/DE/Themen/Gesellschaft-Umwelt/Bildung-Forschung-Kultur/Hochschulen/Publikationen/Downloads-Hochschulen/statistischer-bericht-berufsakademien-2110480237005.xlsx?__blob=publicationFile,statistischer-bericht-berufsakademien-2110480237005.xlsx
https://www.destatis.de/DE/Methoden/Klassifikationen/Gueter-Wirtschaftsklassifikationen/Downloads/gp-2009-alpha-2015-xls.xlsx?__blob=publicationFile,gp-2009-alpha-2015-xls.xlsx
https://www.destatis.de/DE/Themen/Staat/Steuern/Verbrauchsteuern/Publikationen/Downloads-Verbrauchsteuern/alkoholsteuerstatistik-5734401217005.xlsx?__blob=publicationFile,alkoholsteuerstatistik-5734401217005.xlsx
https://www.destatis.de/DE/Methoden/Klassifikationen/Gueter-Wirtschaftsklassifikationen/Downloads/klassifikationen-gp-2009-alpha-xls.xlsx?__blob=publicationFile,klassifikationen-gp-2009-alpha-xls.xlsx
https://www.destatis.de/DE/Themen/Branchen-Unternehmen/Landwirtschaft-Forstwirtschaft-Fischerei/Obst-Gemuese-Gartenbau/Publikationen/Downloads-Obst/strauchbeerenanbau-2030319227005.xlsx?__blob=publicationFile,strauchbeerenanbau-2030319227005.xlsx
https://www.destatis.de/DE/Themen/Wirtschaft/Preise/Erzeugerpreisindex-gewerbliche-Produkte/Publikationen/Downloads-Erzeugerpreise/statistischer-bericht-erzeugerpreise-2170200241055.xlsx?__blob=publicationFile,statistischer-bericht-erzeugerpreise-2170200241055.xlsx
https://www.destatis.de/DE/Themen/Wirtschaft/Preise/Erzeugerpreisindex-gewerbliche-Produkte/Publikationen/Downloads-Erzeugerpreise/statistischer-bericht-erzeugerpreise-2170200241045.xlsx?__blob=publicationFile,statistischer-bericht-erzeugerpreise-2170200241045.xlsx
https://www.destatis.de/DE/Themen/Branchen-Unternehmen/Landwirtschaft-Forstwirtschaft-Fischerei/Obst-Gemuese-Gartenbau/Publikationen/Downloads-Gemuese/gemueseerhebung-2030313227005.xlsx?__blob=publicationFile,gemueseerhebung-2030313227005.xlsx
https://www.destatis.de/DE/Themen/Laender-Regionen/Regionales/Gemeindeverzeichnis/Administrativ/Archiv/Verwaltungsgliederung/31122009_Jahr.xlsx?__blob=publicationFile,31122009_Jahr.xlsx
https://www.destatis.de/DE/Themen/Laender-Regionen/Regionales/Gemeindeverzeichnis/Namens-Grenz-Aenderung/2009-januar-dezmber.xlsx?__blob=publicationFile,2009-januar-dezmber.xlsx
https://www.destatis.de/DE/Themen/Laender-Regionen/Regionales/Gemeindeverzeichnis/Namens-Grenz-Aenderung/2009-inklusive-umstellung-januar.xlsx?__blob=publicationFile,2009-inklusive-umstellung-januar.xlsx
https://www.destatis.de/DE/Themen/Wirtschaft/Preise/Erzeugerpreisindex-gewerbliche-Produkte/Publikationen/Downloads-Erzeugerpreise/statistischer-bericht-erzeugerpreise-2170200241035.xlsx?__blob=publicationFile,statistischer-bericht-erzeugerpreise-2170200241035.xlsx
https://www.destatis.de/DE/Themen/Staat/Steuern/Steuereinnahmen/Publikationen/Downloads-Realsteuern/realsteuervergleich-2141010217005.xlsx?__blob=publicationFile,realsteuervergleich-2141010217005.xlsx
https://www.destatis.de/DE/Themen/Wirtschaft/Preise/Erzeugerpreisindex-gewerbliche-Produkte/Publikationen/Downloads-Erzeugerpreise/statistischer-bericht-erzeugerpreise-2170200241025.xlsx?__blob=publicationFile,statistischer-bericht-erzeugerpreise-2170200241025.xlsx
https://www.destatis.de/DE/Themen/Wirtschaft/Preise/Erzeugerpreisindex-gewerbliche-Produkte/Publikationen/Downloads-Erzeugerpreise/statistischer-bericht-erzeugerpreise-2170200241015.xlsx?__blob=publicationFile,statistischer-bericht-erzeugerpreise-2170200241015.xlsx
https://www.destatis.de/DE/Themen/Laender-Regionen/Regionales/Gemeindeverzeichnis/Namens-Grenz-Aenderung/2013.xlsx?__blob=publicationFile,2013.xlsx
https://www.destatis.de/DE/Themen/Laender-Regionen/Regionales/Gemeindeverzeichnis/Namens-Grenz-Aenderung/2015.xlsx?__blob=publicationFile,2015.xlsx
https://www.destatis.de/DE/Themen/Laender-Regionen/Regionales/Gemeindeverzeichnis/Namens-Grenz-Aenderung/2010.xlsx?__blob=publicationFile,2010.xlsx
https://www.destatis.de/DE/Themen/Laender-Regionen/Regionales/Gemeindeverzeichnis/Namens-Grenz-Aenderung/2012.xlsx?__blob=publicationFile,2012.xlsx
https://www.destatis.de/DE/Themen/Laender-Regionen/Regionales/Gemeindeverzeichnis/Administrativ/Archiv/Verwaltungsgliederung/31122010_Jahr.xlsx?__blob=publicationFile,31122010_Jahr.xlsx
https://www.destatis.de/DE/Themen/Gesellschaft-Umwelt/Gesundheit/Behinderte-Menschen/Publikationen/Downloads-Behinderte-Menschen/schwerbehinderte-2130510219005.xlsx?__blob=publicationFile,schwerbehinderte-2130510219005.xlsx
https://www.destatis.de/DE/Themen/Laender-Regionen/Regionales/Gemeindeverzeichnis/Namens-Grenz-Aenderung/2014.xlsx?__blob=publicationFile,2014.xlsx
https://www.destatis.de/DE/Themen/Gesellschaft-Umwelt/Bildung-Forschung-Kultur/Schulen/Publikationen/Downloads-Schulen/integrierte-ausbildungsberichterstattung-5211201217005.xlsx?__blob=publicationFile,integrierte-ausbildungsberichterstattung-5211201217005.xlsx
https://www.destatis.de/DE/Themen/Gesellschaft-Umwelt/Bevoelkerung/Bevoelkerungsvorausberechnung/Publikationen/Downloads-Vorausberechnung/statistischer-bericht-bvb-deutschland-2070-5124202219005.xlsx?__blob=publicationFile,statistischer-bericht-bvb-deutschland-2070-5124202219005.xlsx
https://www.destatis.de/DE/Themen/Gesellschaft-Umwelt/Bevoelkerung/Migration-Integration/Tabellen/auslaendische-bevoelkerung-kreise-xls.xlsx?__blob=publicationFile,auslaendische-bevoelkerung-kreise-xls.xlsx
https://www.destatis.de/DE/Themen/Laender-Regionen/Regionales/Gemeindeverzeichnis/Namens-Grenz-Aenderung/1970.xlsx?__blob=publicationFile,1970.xlsx
https://www.destatis.de/DE/Themen/Staat/Oeffentliche-Finanzen/Schulden-Finanzvermoegen/Publikationen/Downloads-Schulden/statistischer-bericht-vj-schulden-oeffentl-gesamthaushalt-2140520243225.xlsx?__blob=publicationFile,statistischer-bericht-vj-schulden-oeffentl-gesamthaushalt-2140520243225.xlsx
https://www.destatis.de/DE/Themen/Gesellschaft-Umwelt/Soziales/Adoptionen/Publikationen/Downloads/statistischer-bericht-adoptionen-5225201237005.xlsx?__blob=publicationFile,statistischer-bericht-adoptionen-5225201237005.xlsx
https://www.destatis.de/DE/Themen/Staat/Steuern/Weitere-Steuern/Tabellen/sonderauswertung-erbschaft-schenkungsteuer.xlsx?__blob=publicationFile,sonderauswertung-erbschaft-schenkungsteuer.xlsx
https://www.destatis.de/DE/Themen/Staat/Oeffentliche-Finanzen/Fonds-Einrichtungen-Unternehmen/Methoden/Downloads/liste-sonstige-FEU-2024-xlsx.xlsx?__blob=publicationFile,liste-sonstige-FEU-2024-xlsx.xlsx
https://www.destatis.de/DE/Themen/Staat/Oeffentliche-Finanzen/Fonds-Einrichtungen-Unternehmen/Methoden/Downloads/liste-kernhaushalte-2024-xlsx.xlsx?__blob=publicationFile,liste-kernhaushalte-2024-xlsx.xlsx
https://www.destatis.de/DE/Themen/Staat/Oeffentliche-Finanzen/Fonds-Einrichtungen-Unternehmen/Methoden/Downloads/liste-extrahaushalte-ergaenzung-2023-xlsx.xlsx?__blob=publicationFile,liste-extrahaushalte-ergaenzung-2023-xlsx.xlsx
https://www.destatis.de/DE/Themen/Staat/Oeffentliche-Finanzen/Schulden-Finanzvermoegen/Tabellen/kassenkredit.xlsx?__blob=publicationFile,kassenkredit.xlsx
https://www.destatis.de/DE/Themen/Staat/Oeffentliche-Finanzen/Schulden-Finanzvermoegen/Publikationen/Downloads-Schulden/statistischer-bericht-vj-schulden-oeffentl-gesamthaushalt-2140520243215.xlsx?__blob=publicationFile,statistischer-bericht-vj-schulden-oeffentl-gesamthaushalt-2140520243215.xlsx
https://www.destatis.de/DE/Themen/Staat/Steuern/Weitere-Steuern/Publikationen/Downloads-weitere-Steuern/statistischer-bericht-luftverkehrsteuerstatistik-2140960227005.xlsx?__blob=publicationFile,statistischer-bericht-luftverkehrsteuerstatistik-2140960227005.xlsx
https://www.destatis.de/DE/Themen/Gesellschaft-Umwelt/Gesundheit/Gesundheitszustand-Relevantes-Verhalten/Publikationen/Downloads-Gesundheitszustand/unfaelle-gewalt-kinder-tabellenband-xlsx-5230001.xlsx?__blob=publicationFile,unfaelle-gewalt-kinder-tabellenband-xlsx-5230001.xlsx
https://www.destatis.de/DE/Themen/Wirtschaft/Preise/Erzeugerpreisindex-Dienstleistungen/Publikationen/Downloads-Dienstleistungspreise/verkehrspreise-2170920181125.xlsx?__blob=publicationFile,verkehrspreise-2170920181125.xlsx
https://www.destatis.de/DE/Themen/Staat/Oeffentliche-Finanzen/Fonds-Einrichtungen-Unternehmen/Methoden/Downloads/liste-sonstige-FEU-2021-xlsx.xlsx?__blob=publicationFile,liste-sonstige-FEU-2021-xlsx.xlsx
https://www.destatis.de/DE/Themen/Staat/Oeffentliche-Finanzen/Fonds-Einrichtungen-Unternehmen/Methoden/Downloads/liste-sonstige-FEU-2023-xlsx.xlsx?__blob=publicationFile,liste-sonstige-FEU-2023-xlsx.xlsx
https://www.destatis.de/DE/Themen/Staat/Oeffentliche-Finanzen/Schulden-Finanzvermoegen/Publikationen/Downloads-Schulden/vorl-schulden-oeffentlicher-haushalte-2140520223245.xlsx?__blob=publicationFile,vorl-schulden-oeffentlicher-haushalte-2140520223245.xlsx
https://www.destatis.de/DE/Themen/Staat/Oeffentliche-Finanzen/Schulden-Finanzvermoegen/Publikationen/Downloads-Schulden/statistischer-bericht-vj-schulden-oeffentl-gesamthaushalt-2140520233245.xlsx?__blob=publicationFile,statistischer-bericht-vj-schulden-oeffentl-gesamthaushalt-2140520233245.xlsx
https://www.destatis.de/DE/Themen/Staat/Oeffentliche-Finanzen/Schulden-Finanzvermoegen/Publikationen/Downloads-Finanzvermoegen/statistischer-bericht-finanzvermoegen-2140510227005.xlsx?__blob=publicationFile,statistischer-bericht-finanzvermoegen-2140510227005.xlsx
https://www.destatis.de/DE/Themen/Staat/Oeffentliche-Finanzen/Schulden-Finanzvermoegen/Publikationen/Downloads-Schulden/statistischer-bericht-vj-schulden-oeffentl-gesamthaushalt-2140520233235.xlsx?__blob=publicationFile,statistischer-bericht-vj-schulden-oeffentl-gesamthaushalt-2140520233235.xlsx
https://www.destatis.de/DE/Themen/Gesellschaft-Umwelt/Soziales/Publikationen/Kriegsopferfuersorge/kriegsopferfuersorge-5227301209005.xlsx?__blob=publicationFile,kriegsopferfuersorge-5227301209005.xlsx
https://www.destatis.de/DE/Themen/Staat/Oeffentliche-Finanzen/Schulden-Finanzvermoegen/Publikationen/Downloads-Schulden/statistischer-bericht-vj-schulden-oeffentl-gesamthaushalt-2140520233225.xlsx?__blob=publicationFile,statistischer-bericht-vj-schulden-oeffentl-gesamthaushalt-2140520233225.xlsx
https://www.destatis.de/DE/Themen/Staat/Oeffentliche-Finanzen/Fonds-Einrichtungen-Unternehmen/Methoden/Downloads/liste-kernhaushalte-2023-xlsx.xlsx?__blob=publicationFile,liste-kernhaushalte-2023-xlsx.xlsx
https://www.destatis.de/DE/Themen/Staat/Oeffentliche-Finanzen/Schulden-Finanzvermoegen/Publikationen/Downloads-Schulden/statistischer-bericht-vj-schulden-oeffentl-gesamthaushalt-2140520233215.xlsx?__blob=publicationFile,statistischer-bericht-vj-schulden-oeffentl-gesamthaushalt-2140520233215.xlsx
https://www.destatis.de/DE/Themen/Branchen-Unternehmen/Landwirtschaft-Forstwirtschaft-Fischerei/Tiere-Tierische-Erzeugung/Publikationen/Downloads-Tiere-und-tierische-Erzeugung/tieraerztliche-versorgung-5419101129005.xlsx?__blob=publicationFile,tieraerztliche-versorgung-5419101129005.xlsx
https://www.destatis.de/DE/Themen/Gesellschaft-Umwelt/Bildung-Forschung-Kultur/Bildungsfinanzen-Ausbildungsfoerderung/Publikationen/Downloads-Ausbildungsfoerderung/bundesausbildungsfoerderung-2110700217005.xlsx?__blob=publicationFile,bundesausbildungsfoerderung-2110700217005.xlsx
https://www.destatis.de/DE/Themen/Staat/Oeffentliche-Finanzen/Schulden-Finanzvermoegen/Publikationen/Downloads-Schulden/statistischer-bericht-vj-schulden-oeffentl-gesamthaushalt-2140520223245.xlsx?__blob=publicationFile,statistischer-bericht-vj-schulden-oeffentl-gesamthaushalt-2140520223245.xlsx
https://www.destatis.de/DE/Themen/Staat/Oeffentliche-Finanzen/Fonds-Einrichtungen-Unternehmen/Methoden/Downloads/liste-kernhaushalte-2022-xlsx.xlsx?__blob=publicationFile,liste-kernhaushalte-2022-xlsx.xlsx
https://www.destatis.de/DE/Themen/Branchen-Unternehmen/Landwirtschaft-Forstwirtschaft-Fischerei/Landwirtschaftliche-Betriebe/Publikationen/Downloads-Landwirtschaftliche-Betriebe/hofnachfolge-lw-betriebe-5411403209005.xlsx?__blob=publicationFile,hofnachfolge-lw-betriebe-5411403209005.xlsx
https://www.destatis.de/DE/Themen/Gesellschaft-Umwelt/Bevoelkerung/Migration-Integration/Tabellen/auslaendische-bevoelkerung-staatsangehoerigkeit-xls.xlsx?__blob=publicationFile,auslaendische-bevoelkerung-staatsangehoerigkeit-xls.xlsx
https://www.destatis.de/DE/Methoden/Klassifikationen/Berufe/klassifikationen-kldb-1992-xls.xlsx?__blob=publicationFile,klassifikationen-kldb-1992-xls.xlsx
https://www.destatis.de/DE/Themen/Laender-Regionen/Regionales/Gemeindeverzeichnis/Namens-Grenz-Aenderung/2011.xlsx?__blob=publicationFile,2011.xlsx
https://www.destatis.de/DE/Themen/Laender-Regionen/Regionales/Gemeindeverzeichnis/Administrativ/02-bundeslaender.xlsx?__blob=publicationFile,02-bundeslaender.xlsx
https://www.destatis.de/DE/Themen/Staat/Steuern/Verbrauchsteuern/Publikationen/Downloads-Verbrauchsteuern/statistischer-bericht-stromsteuerstatistik-2140970237005.xlsx?__blob=publicationFile,statistischer-bericht-stromsteuerstatistik-2140970237005.xlsx
https://www.destatis.de/DE/Themen/Wirtschaft/Preise/Erzeugerpreisindex-gewerbliche-Produkte/Methoden/Downloads/waegungsschema-erzeugerpreise-2021-xlsx.xlsx?__blob=publicationFile,waegungsschema-erzeugerpreise-2021-xlsx.xlsx
https://www.destatis.de/DE/Themen/Laender-Regionen/Regionales/Gemeindeverzeichnis/Administrativ-Nicht/33-verstaedterung.xlsx?__blob=publicationFile,33-verstaedterung.xlsx
https://www.destatis.de/DE/Themen/Staat/Steuern/Verbrauchsteuern/Publikationen/Downloads-Verbrauchsteuern/stromsteuer-2140970217005.xlsx?__blob=publicationFile,stromsteuer-2140970217005.xlsx
https://www.destatis.de/DE/Themen/Staat/Steuern/Verbrauchsteuern/Publikationen/Downloads-Verbrauchsteuern/statistischer-bericht-stromsteuerstatistik-2140970227005.xlsx?__blob=publicationFile,statistischer-bericht-stromsteuerstatistik-2140970227005.xlsx
https://www.destatis.de/DE/Themen/Laender-Regionen/Regionales/Gemeindeverzeichnis/Administrativ/Archiv/Standardtabellen/02_BundeslaenderVorjahr.xlsx?__blob=publicationFile,02_BundeslaenderVorjahr.xlsx
https://www.destatis.de/DE/Methoden/Klassifikationen/Gueter-Wirtschaftsklassifikationen/Downloads/gp-19-stichwortverzeichnis-3200210249005.xlsx?__blob=publicationFile,gp-19-stichwortverzeichnis-3200210249005.xlsx
https://www.destatis.de/DE/Themen/Laender-Regionen/Regionales/Gemeindeverzeichnis/Administrativ-Nicht/Archiv/Standardtabellen/33VerstaedterungVorjahr.xlsx?__blob=publicationFile,33VerstaedterungVorjahr.xlsx
https://www.destatis.de/DE/Themen/Laender-Regionen/Regionales/Gemeindeverzeichnis/Administrativ/Archiv/Verwaltungsgliederung/31122011_Jahr.xlsx?__blob=publicationFile,31122011_Jahr.xlsx
https://www.destatis.de/DE/Themen/Gesellschaft-Umwelt/Bevoelkerung/Migration-Integration/Tabellen/auslaendische-bevoelkerung-laender-xls.xlsx?__blob=publicationFile,auslaendische-bevoelkerung-laender-xls.xlsx
https://www.destatis.de/DE/Themen/Staat/Steuern/Verbrauchsteuern/Publikationen/Downloads-Verbrauchsteuern/brauwirtschaft-2140922217005.xlsx?__blob=publicationFile,brauwirtschaft-2140922217005.xlsx
https://www.destatis.de/DE/Themen/Laender-Regionen/Regionales/Gemeindeverzeichnis/Administrativ/grosstaedte-2.xlsx?__blob=publicationFile,grosstaedte-2.xlsx
https://www.destatis.de/DE/Methoden/Klassifikationen/Gueter-Wirtschaftsklassifikationen/Downloads/gp-19-stichwortverzeichnis-3200210239005.xlsx?__blob=publicationFile,gp-19-stichwortverzeichnis-3200210239005.xlsx
https://www.destatis.de/DE/Themen/Laender-Regionen/Regionales/Gemeindeverzeichnis/Administrativ/Archiv/Verwaltungsgliederung/31122015_Jahr.xlsx?__blob=publicationFile,31122015_Jahr.xlsx
https://www.destatis.de/DE/Themen/Laender-Regionen/Regionales/Gemeindeverzeichnis/Administrativ/Archiv/Verwaltungsgliederung/31122014_Jahr.xlsx?__blob=publicationFile,31122014_Jahr.xlsx
https://www.destatis.de/DE/Themen/Staat/Steuern/Verbrauchsteuern/Publikationen/Downloads-Verbrauchsteuern/absatz-tabak-jahr-2140911227005.xlsx?__blob=publicationFile,absatz-tabak-jahr-2140911227005.xlsx
https://www.destatis.de/DE/Themen/Laender-Regionen/Regionales/Gemeindeverzeichnis/Administrativ/Archiv/Verwaltungsgliederung/31122012_Jahr.xlsx?__blob=publicationFile,31122012_Jahr.xlsx
https://www.destatis.de/DE/Themen/Laender-Regionen/Regionales/Gemeindeverzeichnis/Administrativ/Archiv/Verwaltungsgliederung/31122013_Jahr.xlsx?__blob=publicationFile,31122013_Jahr.xlsx
https://www.destatis.de/DE/Methoden/Klassifikationen/Gueter-Wirtschaftsklassifikationen/Downloads/gp-19-stichwortverzeichnis-3200210219005.xlsx?__blob=publicationFile,gp-19-stichwortverzeichnis-3200210219005.xlsx
https://www.destatis.de/DE/Themen/Staat/Oeffentliche-Finanzen/Ausgaben-Einnahmen/Publikationen/Downloads-Ausgaben-und-Einnahmen/rechnungsergebnis-oeffentlicher-haushalt-2140310177015.xlsx?__blob=publicationFile,rechnungsergebnis-oeffentlicher-haushalt-2140310177015.xlsx
https://www.destatis.de/DE/Methoden/Klassifikationen/Gueter-Wirtschaftsklassifikationen/Downloads/gp-19-stichwortverzeichnis-3200210209005.xlsx?__blob=publicationFile,gp-19-stichwortverzeichnis-3200210209005.xlsx
https://www.destatis.de/DE/Methoden/Klassifikationen/Gueter-Wirtschaftsklassifikationen/Downloads/gp-19-stichwortverzeichnis-3200210199005.xlsx?__blob=publicationFile,gp-19-stichwortverzeichnis-3200210199005.xlsx
https://www.destatis.de/DE/Themen/Gesellschaft-Umwelt/Bildung-Forschung-Kultur/Bildungsfinanzen-Ausbildungsfoerderung/Publikationen/Downloads-Ausbildungsfoerderung/stipendienprogrammgesetz-2110460207005.xlsx?__blob=publicationFile,stipendienprogrammgesetz-2110460207005.xlsx
https://www.destatis.de/DE/Themen/Laender-Regionen/Regionales/Gemeindeverzeichnis/Namens-Grenz-Aenderung/1990.xlsx?__blob=publicationFile,1990.xlsx
https://www.destatis.de/DE/Themen/Laender-Regionen/Regionales/Gemeindeverzeichnis/Namens-Grenz-Aenderung/1994.xlsx?__blob=publicationFile,1994.xlsx
https://www.destatis.de/DE/Themen/Gesellschaft-Umwelt/Soziales/Kinderschutz/Publikationen/Downloads-Kinderschutz/gefaehrdungseinschaetzungen-5225123217005.xlsx?__blob=publicationFile,gefaehrdungseinschaetzungen-5225123217005.xlsx
https://www.destatis.de/DE/Methoden/Klassifikationen/Aussenhandel/Downloads/wa-gegenueberstellung-xlsx-2023-2022.xlsx?__blob=publicationFile,wa-gegenueberstellung-xlsx-2023-2022.xlsx
https://www.destatis.de/DE/Themen/Laender-Regionen/Regionales/Gemeindeverzeichnis/Namens-Grenz-Aenderung/1951.xlsx?__blob=publicationFile,1951.xlsx
https://www.destatis.de/DE/Themen/Branchen-Unternehmen/Landwirtschaft-Forstwirtschaft-Fischerei/Produktionsmethoden/Publikationen/Downloads-Produktionsmethoden/bodenbearbeitung-erosionsschutz-fruchtwechsel-5411209169005.xlsx?__blob=publicationFile,bodenbearbeitung-erosionsschutz-fruchtwechsel-5411209169005.xlsx
https://www.destatis.de/DE/Themen/Branchen-Unternehmen/Landwirtschaft-Forstwirtschaft-Fischerei/Landwirtschaftliche-Betriebe/Publikationen/Downloads-Landwirtschaftliche-Betriebe/rechtsformen-erwerbscharakter-2030215209005.xlsx?__blob=publicationFile,rechtsformen-erwerbscharakter-2030215209005.xlsx
https://www.destatis.de/DE/Themen/Laender-Regionen/Regionales/Gemeindeverzeichnis/Namens-Grenz-Aenderung/1973.xlsx?__blob=publicationFile,1973.xlsx
https://www.destatis.de/DE/Themen/Laender-Regionen/Regionales/Gemeindeverzeichnis/Administrativ/Archiv/Verwaltungsgliederung/Verwalt3QAktuell.xlsx?__blob=publicationFile,Verwalt3QAktuell.xlsx
https://www.destatis.de/DE/Themen/Laender-Regionen/Regionales/Gemeindeverzeichnis/Administrativ/Archiv/Verwaltungsgliederung/Verwalt2QAktuell.xlsx?__blob=publicationFile,Verwalt2QAktuell.xlsx
https://www.destatis.de/DE/Themen/Laender-Regionen/Regionales/Gemeindeverzeichnis/Administrativ/03-regierungsbezirke.xlsx?__blob=publicationFile,03-regierungsbezirke.xlsx
https://www.destatis.de/DE/Themen/Laender-Regionen/Regionales/Gemeindeverzeichnis/Administrativ/Archiv/Verwaltungsgliederung/Verwalt4QAktuell.xlsx?__blob=publicationFile,Verwalt4QAktuell.xlsx
https://www.destatis.de/DE/Themen/Laender-Regionen/Regionales/Gemeindeverzeichnis/Administrativ/Archiv/Verwaltungsgliederung/31122022_Jahr.xlsx?__blob=publicationFile,31122022_Jahr.xlsx
https://www.destatis.de/DE/Themen/Laender-Regionen/Regionales/Gemeindeverzeichnis/Administrativ-Nicht/30-verdichtungsraeume.xlsx?__blob=publicationFile,30-verdichtungsraeume.xlsx
https://www.destatis.de/DE/Themen/Wirtschaft/Volkswirtschaftliche-Gesamtrechnungen-Inlandsprodukt/Publikationen/Downloads-Inlandsprodukt/preisbereinigte-volumenangaben-xlsx-5811111.xlsx?__blob=publicationFile,preisbereinigte-volumenangaben-xlsx-5811111.xlsx
https://www.destatis.de/DE/Themen/Laender-Regionen/Regionales/Gemeindeverzeichnis/Administrativ-Nicht/23-regionstypen.xlsx?__blob=publicationFile,23-regionstypen.xlsx
https://www.destatis.de/DE/Themen/Laender-Regionen/Regionales/Gemeindeverzeichnis/Administrativ/Archiv/Verwaltungsgliederung/Verwalt1QAktuell.xlsx?__blob=publicationFile,Verwalt1QAktuell.xlsx
https://www.destatis.de/DE/Themen/Laender-Regionen/Regionales/Gemeindeverzeichnis/Administrativ-Nicht/11-arbeitsmarktregion.xlsx?__blob=publicationFile,11-arbeitsmarktregion.xlsx
https://www.destatis.de/DE/Themen/Laender-Regionen/Regionales/Gemeindeverzeichnis/Administrativ-Nicht/41-planungsregionen.xlsx?__blob=publicationFile,41-planungsregionen.xlsx
https://www.destatis.de/DE/Themen/Laender-Regionen/Regionales/Gemeindeverzeichnis/Administrativ-Nicht/39-bik-7.xlsx?__blob=publicationFile,39-bik-7.xlsx
https://www.destatis.de/DE/Themen/Laender-Regionen/Regionales/Gemeindeverzeichnis/Administrativ-Nicht/40-bik-10.xlsx?__blob=publicationFile,40-bik-10.xlsx
https://www.destatis.de/DE/Themen/Staat/Justiz-Rechtspflege/Tabellen/sonderauswertung-untersuchungshaft.xlsx?__blob=publicationFile,sonderauswertung-untersuchungshaft.xlsx
https://www.destatis.de/DE/Themen/Laender-Regionen/Regionales/Gemeindeverzeichnis/Administrativ/15-regiostar.xlsx?__blob=publicationFile,15-regiostar.xlsx
https://www.destatis.de/DE/Themen/Laender-Regionen/Regionales/Gemeindeverzeichnis/Administrativ-Nicht/Archiv/Standardtabellen/23KreistypenVorjahr.xlsx?__blob=publicationFile,23KreistypenVorjahr.xlsx
https://www.destatis.de/DE/Themen/Laender-Regionen/Regionales/Gemeindeverzeichnis/Administrativ-Nicht/Archiv/Standardtabellen/30VerdichtungsraeumeVorjahr.xlsx?__blob=publicationFile,30VerdichtungsraeumeVorjahr.xlsx
https://www.destatis.de/DE/Themen/Laender-Regionen/Regionales/Gemeindeverzeichnis/Administrativ/Archiv/Standardtabellen/03_RegierungsbezirkeVorjahr.xlsx?__blob=publicationFile,03_RegierungsbezirkeVorjahr.xlsx
https://www.destatis.de/DE/Themen/Laender-Regionen/Regionales/Gemeindeverzeichnis/Administrativ/Archiv/Verwaltungsgliederung/31122021_Jahr.xlsx?__blob=publicationFile,31122021_Jahr.xlsx
https://www.destatis.de/DE/Themen/Laender-Regionen/Regionales/Gemeindeverzeichnis/Administrativ/04-kreise.xlsx?__blob=publicationFile,04-kreise.xlsx
https://www.destatis.de/DE/Themen/Laender-Regionen/Regionales/Gemeindeverzeichnis/Administrativ-Nicht/Archiv/Standardtabellen/39BIK7Vorjahr.xlsx?__blob=publicationFile,39BIK7Vorjahr.xlsx
https://www.destatis.de/DE/Themen/Laender-Regionen/Regionales/Gemeindeverzeichnis/Administrativ-Nicht/Archiv/Standardtabellen/41PlanungsregionenVorjahr.xlsx?__blob=publicationFile,41PlanungsregionenVorjahr.xlsx
https://www.destatis.de/DE/Themen/Laender-Regionen/Regionales/Gemeindeverzeichnis/Administrativ/12-gerichte.xlsx?__blob=publicationFile,12-gerichte.xlsx
https://www.destatis.de/DE/Themen/Laender-Regionen/Regionales/Gemeindeverzeichnis/Administrativ-Nicht/Archiv/Standardtabellen/11ArbeitsmarktregionVorjahr.xlsx?__blob=publicationFile,11ArbeitsmarktregionVorjahr.xlsx
https://www.destatis.de/DE/Themen/Laender-Regionen/Regionales/Gemeindeverzeichnis/Administrativ/Archiv/Verwaltungsgliederung/31122020_Jahr.xlsx?__blob=publicationFile,31122020_Jahr.xlsx
https://www.destatis.de/DE/Themen/Laender-Regionen/Regionales/Gemeindeverzeichnis/Administrativ-Nicht/Archiv/Standardtabellen/40BIK10_Vorjahr.xlsx?__blob=publicationFile,40BIK10_Vorjahr.xlsx
https://www.destatis.de/DE/Themen/Laender-Regionen/Regionales/Gemeindeverzeichnis/Administrativ-Nicht/37-bik-regionen.xlsx?__blob=publicationFile,37-bik-regionen.xlsx
https://www.destatis.de/DE/Themen/Laender-Regionen/Regionales/Gemeindeverzeichnis/Administrativ/21-postleit-regionen.xlsx?__blob=publicationFile,21-postleit-regionen.xlsx
https://www.destatis.de/DE/Methoden/Klassifikationen/Bauwerke/bau-78-v14-gliederung-xls.xlsx?__blob=publicationFile,bau-78-v14-gliederung-xls.xlsx
https://www.destatis.de/DE/Themen/Gesellschaft-Umwelt/Bildung-Forschung-Kultur/Schulen/Publikationen/Downloads-Schulen/statistischer-bericht-sm-einschulungen-5211101238005.xlsx?__blob=publicationFile,statistischer-bericht-sm-einschulungen-5211101238005.xlsx
https://www.destatis.de/DE/Themen/Laender-Regionen/Regionales/Gemeindeverzeichnis/Administrativ/Archiv/Verwaltungsgliederung/Verwalt1QVorjahr.xlsx?__blob=publicationFile,Verwalt1QVorjahr.xlsx
https://www.destatis.de/DE/Themen/Laender-Regionen/Regionales/Gemeindeverzeichnis/Namens-Grenz-Aenderung/2018.xlsx?__blob=publicationFile,2018.xlsx
https://www.destatis.de/DE/Themen/Laender-Regionen/Regionales/Gemeindeverzeichnis/Administrativ/Archiv/Verwaltungsgliederung/Verwalt2QVorjahr.xlsx?__blob=publicationFile,Verwalt2QVorjahr.xlsx
https://www.destatis.de/DE/Themen/Laender-Regionen/Regionales/Gemeindeverzeichnis/Administrativ/Archiv/Verwaltungsgliederung/31122019_Jahr.xlsx?__blob=publicationFile,31122019_Jahr.xlsx
https://www.destatis.de/DE/Themen/Laender-Regionen/Regionales/Gemeindeverzeichnis/Administrativ/Archiv/Verwaltungsgliederung/Verwalt4QVorjahr.xlsx?__blob=publicationFile,Verwalt4QVorjahr.xlsx
https://www.destatis.de/DE/Themen/Laender-Regionen/Regionales/Gemeindeverzeichnis/Administrativ/Archiv/Verwaltungsgliederung/Verwalt3QVorjahr.xlsx?__blob=publicationFile,Verwalt3QVorjahr.xlsx
https://www.destatis.de/DE/Themen/Laender-Regionen/Regionales/Gemeindeverzeichnis/Administrativ/Archiv/Standardtabellen/15_RegioStaRVorjahr.xlsx?__blob=publicationFile,15_RegioStaRVorjahr.xlsx
https://www.destatis.de/DE/Themen/Laender-Regionen/Regionales/Gemeindeverzeichnis/Administrativ/Archiv/Verwaltungsgliederung/31122018_Jahr.xlsx?__blob=publicationFile,31122018_Jahr.xlsx
https://www.destatis.de/DE/Themen/Laender-Regionen/Regionales/Gemeindeverzeichnis/Administrativ/Archiv/Standardtabellen/04_KreiseVorjahr.xlsx?__blob=publicationFile,04_KreiseVorjahr.xlsx
https://www.destatis.de/DE/Themen/Laender-Regionen/Regionales/Gemeindeverzeichnis/Administrativ-Nicht/Archiv/Standardtabellen/37BIKRegionenVorjahr.xlsx?__blob=publicationFile,37BIKRegionenVorjahr.xlsx
https://www.destatis.de/DE/Themen/Laender-Regionen/Regionales/Gemeindeverzeichnis/Administrativ/Archiv/Standardtabellen/21_PostleitregionenVorjahr.xlsx?__blob=publicationFile,21_PostleitregionenVorjahr.xlsx
https://www.destatis.de/DE/Themen/Laender-Regionen/Regionales/Gemeindeverzeichnis/Administrativ/Archiv/Verwaltungsgliederung/31122017_Jahr.xlsx?__blob=publicationFile,31122017_Jahr.xlsx
https://www.destatis.de/DE/Themen/Laender-Regionen/Regionales/Gemeindeverzeichnis/Administrativ/Archiv/Verwaltungsgliederung/31122016_Jahr.xlsx?__blob=publicationFile,31122016_Jahr.xlsx
https://www.destatis.de/DE/Themen/Laender-Regionen/Regionales/Gemeindeverzeichnis/Administrativ/Archiv/Standardtabellen/12_GerichteVorjahr.xlsx?__blob=publicationFile,12_GerichteVorjahr.xlsx
https://www.destatis.de/DE/Methoden/Klassifikationen/Bauwerke/bau-78-gliederung-xls.xlsx?__blob=publicationFile,bau-78-gliederung-xls.xlsx
https://www.destatis.de/DE/Themen/Gesellschaft-Umwelt/Bevoelkerung/Bevoelkerungsvorausberechnung/Publikationen/Downloads-Vorausberechnung/bevoelkerung-bundeslaender-2060-5124205199025.xlsx?__blob=publicationFile,bevoelkerung-bundeslaender-2060-5124205199025.xlsx
https://www.destatis.de/DE/Themen/Gesellschaft-Umwelt/Bevoelkerung/Bevoelkerungsvorausberechnung/Publikationen/Downloads-Vorausberechnung/bevoelkerung-bundeslaender-2060-5124205199015.xlsx?__blob=publicationFile,bevoelkerung-bundeslaender-2060-5124205199015.xlsx
https://www.destatis.de/DE/Themen/Gesellschaft-Umwelt/Bevoelkerung/Bevoelkerungsvorausberechnung/Publikationen/Downloads-Vorausberechnung/bevoelkerung-bundeslaender-2060-5124205199035.xlsx?__blob=publicationFile,bevoelkerung-bundeslaender-2060-5124205199035.xlsx
https://www.destatis.de/DE/Themen/Wirtschaft/Preise/Baupreise-Immobilienpreisindex/Tabellen/haeuserpreisindex-kreistypen.xlsx?__blob=publicationFile,haeuserpreisindex-kreistypen.xlsx
https://www.destatis.de/DE/Themen/Gesellschaft-Umwelt/Soziales/Kinderschutz/Tabellen/sonderauswertung-gefaehrdungsseinschaetzungen.xlsx?__blob=publicationFile,sonderauswertung-gefaehrdungsseinschaetzungen.xlsx
https://www.destatis.de/DE/Themen/Gesellschaft-Umwelt/Umwelt/UGR/oekosystemgesamtrechnungen/Publikationen/Downloads/flaechenbilanzierung-marine-oekosysteme-5852203189005.xlsx?__blob=publicationFile,flaechenbilanzierung-marine-oekosysteme-5852203189005.xlsx
https://www.destatis.de/DE/Themen/Gesellschaft-Umwelt/Soziales/Kinderschutz/Tabellen/sonderauswertung-gefaehrdungsseinschaetzungen-monate.xlsx?__blob=publicationFile,sonderauswertung-gefaehrdungsseinschaetzungen-monate.xlsx
https://www.destatis.de/DE/Themen/Staat/Justiz-Rechtspflege/Tabellen/sonderauswertung-amtsgericht-zivilprozess.xlsx?__blob=publicationFile,sonderauswertung-amtsgericht-zivilprozess.xlsx
https://www.destatis.de/DE/Themen/Gesellschaft-Umwelt/Bildung-Forschung-Kultur/Hochschulen/Tabellen/sonderauswertung-parameterberechnung.xlsx?__blob=publicationFile,sonderauswertung-parameterberechnung.xlsx
https://www.destatis.de/DE/Themen/Staat/Steuern/Verbrauchsteuern/Publikationen/Downloads-Verbrauchsteuern/statistischer-bericht-absatz-bier-2140921241045.xlsx?__blob=publicationFile,statistischer-bericht-absatz-bier-2140921241045.xlsx
https://www.destatis.de/DE/Themen/Laender-Regionen/Regionales/Gemeindeverzeichnis/Namens-Grenz-Aenderung/2016.xlsx?__blob=publicationFile,2016.xlsx
https://www.destatis.de/DE/Themen/Gesellschaft-Umwelt/Bevoelkerung/Bevoelkerungsvorausberechnung/Publikationen/Downloads-Vorausberechnung/bevoelkerung-deutschland-2060-5124202199025.xlsx?__blob=publicationFile,bevoelkerung-deutschland-2060-5124202199025.xlsx
https://www.destatis.de/DE/Themen/Gesellschaft-Umwelt/Bevoelkerung/Bevoelkerungsvorausberechnung/Publikationen/Downloads-Vorausberechnung/bevoelkerung-deutschland-2060-5124202199005.xlsx?__blob=publicationFile,bevoelkerung-deutschland-2060-5124202199005.xlsx
https://www.destatis.de/DE/Themen/Gesellschaft-Umwelt/Bevoelkerung/Bevoelkerungsvorausberechnung/Publikationen/Downloads-Vorausberechnung/bevoelkerung-deutschland-2060-5124202199015.xlsx?__blob=publicationFile,bevoelkerung-deutschland-2060-5124202199015.xlsx
https://www.destatis.de/DE/Themen/Branchen-Unternehmen/Landwirtschaft-Forstwirtschaft-Fischerei/Flaechennutzung/Publikationen/Downloads-Flaechennutzung/bodenflaechennutzung-2030510217005.xlsx?__blob=publicationFile,bodenflaechennutzung-2030510217005.xlsx
https://www.destatis.de/DE/Themen/Laender-Regionen/Regionales/Gemeindeverzeichnis/Administrativ/08-gemeinden-einwohner-groessen.xlsx?__blob=publicationFile,08-gemeinden-einwohner-groessen.xlsx
https://www.destatis.de/DE/Themen/Staat/Oeffentliche-Finanzen/Schulden-Finanzvermoegen/Publikationen/Downloads-Schulden/integrierte-schulden-tabellenband-5713201229005.xlsx?__blob=publicationFile,integrierte-schulden-tabellenband-5713201229005.xlsx
https://www.destatis.de/DE/Themen/Laender-Regionen/Regionales/Gemeindeverzeichnis/Administrativ/Archiv/Standardtabellen/08_Gemeinden_EinwohnergroessenklassenVorjahr.xlsx?__blob=publicationFile,08_Gemeinden_EinwohnergroessenklassenVorjahr.xlsx
https://www.destatis.de/DE/Themen/Gesellschaft-Umwelt/Bildung-Forschung-Kultur/Hochschulen/Publikationen/Downloads-Hochschulen/statistischer-bericht-zukunftsvertrag-studium-lehre-5213107247005.xlsx?__blob=publicationFile,statistischer-bericht-zukunftsvertrag-studium-lehre-5213107247005.xlsx
https://www.destatis.de/DE/Themen/Gesellschaft-Umwelt/Bildung-Forschung-Kultur/Hochschulen/Tabellen/sonderauswertung-parameterberechnung-2022.xlsx?__blob=publicationFile,sonderauswertung-parameterberechnung-2022.xlsx
https://www.destatis.de/DE/Themen/Gesellschaft-Umwelt/Bildung-Forschung-Kultur/Hochschulen/Tabellen/sonderauswertung-parameterberechnung-2023.xlsx?__blob=publicationFile,sonderauswertung-parameterberechnung-2023.xlsx
https://www.destatis.de/DE/Themen/Gesellschaft-Umwelt/Soziales/Asylbewerberleistungen/Publikationen/Downloads-Asylbewerberleistungen/leistungen-bildung-teilhabe-2130710183215.xlsx?__blob=publicationFile,leistungen-bildung-teilhabe-2130710183215.xlsx
https://www.destatis.de/DE/Themen/Gesellschaft-Umwelt/Bildung-Forschung-Kultur/Hochschulen/Publikationen/Downloads-Hochschulen/promovierendenstatistik-5213501217005.xlsx?__blob=publicationFile,promovierendenstatistik-5213501217005.xlsx
https://www.destatis.de/DE/Themen/Branchen-Unternehmen/Landwirtschaft-Forstwirtschaft-Fischerei/Landwirtschaftliche-Betriebe/Publikationen/Downloads-Landwirtschaftliche-Betriebe/oekologischer-landbau-2030221209005.xlsx?__blob=publicationFile,oekologischer-landbau-2030221209005.xlsx
https://www.destatis.de/DE/Themen/Staat/Justiz-Rechtspflege/Publikationen/Downloads-Strafverfolgung-Strafvollzug/bestand-gefangene-verwahrte-xlsx-5243201.xlsx?__blob=publicationFile,bestand-gefangene-verwahrte-xlsx-5243201.xlsx
https://www.destatis.de/DE/Themen/Branchen-Unternehmen/Landwirtschaft-Forstwirtschaft-Fischerei/Landwirtschaftliche-Betriebe/Publikationen/Downloads-Landwirtschaftliche-Betriebe/betriebswirtschaftliche-ausrichtung-standardoutput-2030214209005.xlsx?__blob=publicationFile,betriebswirtschaftliche-ausrichtung-standardoutput-2030214209005.xlsx
https://www.destatis.de/DE/Themen/Gesellschaft-Umwelt/Bildung-Forschung-Kultur/Hochschulen/Publikationen/Downloads-Hochschulen/statistischer-bericht-studienverlauf-5213106237005.xlsx?__blob=publicationFile,statistischer-bericht-studienverlauf-5213106237005.xlsx
https://www.destatis.de/DE/Themen/Gesellschaft-Umwelt/Soziales/Prostituiertenschutz/Publikationen/Downloads-Prostituiertenschutz/statistischer-bericht-statistiken-prostituiertenschutzgesetz-5228201227005.xlsx?__blob=publicationFile,statistischer-bericht-statistiken-prostituiertenschutzgesetz-5228201227005.xlsx
https://www.destatis.de/DE/Themen/Gesellschaft-Umwelt/Soziales/Prostituiertenschutz/Publikationen/Downloads-Prostituiertenschutz/statistischer-bericht-statistiken-prostituiertenschutzgesetz-5228201237005.xlsx?__blob=publicationFile,statistischer-bericht-statistiken-prostituiertenschutzgesetz-5228201237005.xlsx
https://www.destatis.de/DE/Themen/Gesellschaft-Umwelt/Soziales/Prostituiertenschutz/Publikationen/Downloads-Prostituiertenschutz/statistischer-bericht-statistiken-prostituiertenschutzgesetz-5228201217005.xlsx?__blob=publicationFile,statistischer-bericht-statistiken-prostituiertenschutzgesetz-5228201217005.xlsx
https://www.destatis.de/DE/Themen/Staat/Steuern/Verbrauchsteuern/Publikationen/Downloads-Verbrauchsteuern/statistischer-bericht-schaumweinsteuer-2140950237005.xlsx?__blob=publicationFile,statistischer-bericht-schaumweinsteuer-2140950237005.xlsx
https://www.destatis.de/DE/Themen/Laender-Regionen/Regionales/Gemeindeverzeichnis/Namens-Grenz-Aenderung/2017.xlsx?__blob=publicationFile,2017.xlsx
https://www.destatis.de/DE/Themen/Gesellschaft-Umwelt/Bildung-Forschung-Kultur/Berufliche-Bildung/Publikationen/Downloads-Berufliche-Bildung/pflegeberufe-ausbildungsfinanzierung-vo-5212401217005.xlsx?__blob=publicationFile,pflegeberufe-ausbildungsfinanzierung-vo-5212401217005.xlsx
https://www.destatis.de/DE/Themen/Staat/Steuern/Verbrauchsteuern/Publikationen/Downloads-Verbrauchsteuern/statistischer-bericht-schaumweinsteuer-2140950227005.xlsx?__blob=publicationFile,statistischer-bericht-schaumweinsteuer-2140950227005.xlsx
https://www.destatis.de/DE/Themen/Gesellschaft-Umwelt/Bildung-Forschung-Kultur/Hochschulen/Tabellen/sonderauswertung-musikhochschulen.xlsx?__blob=publicationFile,sonderauswertung-musikhochschulen.xlsx
https://www.destatis.de/DE/Themen/Laender-Regionen/Regionales/Gemeindeverzeichnis/Namens-Grenz-Aenderung/2020.xlsx?__blob=publicationFile,2020.xlsx
https://www.destatis.de/DE/Themen/Gesellschaft-Umwelt/Soziales/Kindertagesbetreuung/Publikationen/Downloads-Kindertagesbetreuung/kindertagesbetreuung-regional-5225405187005-anhang.xlsx?__blob=publicationFile,kindertagesbetreuung-regional-5225405187005-anhang.xlsx
https://www.destatis.de/DE/Themen/Gesellschaft-Umwelt/Bevoelkerung/Bevoelkerungsvorausberechnung/Publikationen/Downloads-Vorausberechnung/bevoelkerung-deutschland-2035-5124202219005.xlsx?__blob=publicationFile,bevoelkerung-deutschland-2035-5124202219005.xlsx
https://www.destatis.de/DE/Themen/Staat/Steuern/Verbrauchsteuern/Publikationen/Downloads-Verbrauchsteuern/statistischer-bericht-alkoholsteuerstatistik-5734401237005.xlsx?__blob=publicationFile,statistischer-bericht-alkoholsteuerstatistik-5734401237005.xlsx
https://www.destatis.de/DE/Themen/Staat/Steuern/Verbrauchsteuern/Publikationen/Downloads-Verbrauchsteuern/statistischer-bericht-alkoholsteuerstatistik-5734401227005.xlsx?__blob=publicationFile,statistischer-bericht-alkoholsteuerstatistik-5734401227005.xlsx
https://www.destatis.de/DE/Themen/Staat/Steuern/Verbrauchsteuern/Publikationen/Downloads-Verbrauchsteuern/statistischer-bericht-brauwirtschaft-2140922227005.xlsx?__blob=publicationFile,statistischer-bericht-brauwirtschaft-2140922227005.xlsx
https://www.destatis.de/DE/Themen/Gesellschaft-Umwelt/Bevoelkerung/Sterbefaelle-Lebenserwartung/Publikationen/Downloads-Sterbefaelle/periodensterbetafeln-bundeslaender-5126204207005.xlsx?__blob=publicationFile,periodensterbetafeln-bundeslaender-5126204207005.xlsx
https://www.destatis.de/DE/Themen/Laender-Regionen/Regionales/Gemeindeverzeichnis/Namens-Grenz-Aenderung/2019.xlsx?__blob=publicationFile,2019.xlsx
https://www.destatis.de/DE/Themen/Staat/Steuern/Verbrauchsteuern/Publikationen/Downloads-Verbrauchsteuern/statistischer-bericht-brauwirtschaft-2140922237005.xlsx?__blob=publicationFile,statistischer-bericht-brauwirtschaft-2140922237005.xlsx
https://www.destatis.de/DE/Themen/Branchen-Unternehmen/Landwirtschaft-Forstwirtschaft-Fischerei/Landwirtschaftliche-Betriebe/Publikationen/Downloads-Landwirtschaftliche-Betriebe/betriebe-bewaesserung-5411205209005.xlsx?__blob=publicationFile,betriebe-bewaesserung-5411205209005.xlsx
https://www.destatis.de/DE/Themen/Laender-Regionen/Regionales/Gemeindeverzeichnis/Administrativ/Archiv/Verwaltungsgliederung/31121976_Jahr.xlsx?__blob=publicationFile,31121976_Jahr.xlsx
https://www.destatis.de/DE/Themen/Laender-Regionen/Regionales/Gemeindeverzeichnis/Administrativ/Archiv/Verwaltungsgliederung/31121977_Jahr.xlsx?__blob=publicationFile,31121977_Jahr.xlsx
https://www.destatis.de/DE/Themen/Laender-Regionen/Regionales/Gemeindeverzeichnis/Administrativ/Archiv/Verwaltungsgliederung/31121975_Jahr.xlsx?__blob=publicationFile,31121975_Jahr.xlsx
https://www.destatis.de/DE/Themen/Laender-Regionen/Regionales/Gemeindeverzeichnis/Administrativ/Archiv/Verwaltungsgliederung/31121978_Jahr.xlsx?__blob=publicationFile,31121978_Jahr.xlsx
https://www.destatis.de/DE/Themen/Branchen-Unternehmen/Landwirtschaft-Forstwirtschaft-Fischerei/Produktionsmethoden/Publikationen/Downloads-Produktionsmethoden/stallhaltung-weidehaltung-tb-5411404209005.xlsx?__blob=publicationFile,stallhaltung-weidehaltung-tb-5411404209005.xlsx
https://www.destatis.de/DE/Themen/Laender-Regionen/Regionales/Gemeindeverzeichnis/Namens-Grenz-Aenderung/1987.xlsx?__blob=publicationFile,1987.xlsx
https://www.destatis.de/DE/Themen/Laender-Regionen/Regionales/Gemeindeverzeichnis/Namens-Grenz-Aenderung/1988.xlsx?__blob=publicationFile,1988.xlsx
https://www.destatis.de/DE/Themen/Laender-Regionen/Regionales/Gemeindeverzeichnis/Namens-Grenz-Aenderung/1982.xlsx?__blob=publicationFile,1982.xlsx
https://www.destatis.de/DE/Themen/Laender-Regionen/Regionales/Gemeindeverzeichnis/Namens-Grenz-Aenderung/1980.xlsx?__blob=publicationFile,1980.xlsx
https://www.destatis.de/DE/Themen/Laender-Regionen/Regionales/Gemeindeverzeichnis/Namens-Grenz-Aenderung/1992.xlsx?__blob=publicationFile,1992.xlsx
https://www.destatis.de/DE/Themen/Laender-Regionen/Regionales/Gemeindeverzeichnis/Namens-Grenz-Aenderung/1976.xlsx?__blob=publicationFile,1976.xlsx
https://www.destatis.de/DE/Themen/Laender-Regionen/Regionales/Gemeindeverzeichnis/Namens-Grenz-Aenderung/1991.xlsx?__blob=publicationFile,1991.xlsx
https://www.destatis.de/DE/Themen/Laender-Regionen/Regionales/Gemeindeverzeichnis/Namens-Grenz-Aenderung/1979.xlsx?__blob=publicationFile,1979.xlsx
https://www.destatis.de/DE/Themen/Laender-Regionen/Regionales/Gemeindeverzeichnis/Namens-Grenz-Aenderung/1997.xlsx?__blob=publicationFile,1997.xlsx
https://www.destatis.de/DE/Themen/Laender-Regionen/Regionales/Gemeindeverzeichnis/Namens-Grenz-Aenderung/1995.xlsx?__blob=publicationFile,1995.xlsx
https://www.destatis.de/DE/Themen/Laender-Regionen/Regionales/Gemeindeverzeichnis/Namens-Grenz-Aenderung/1989.xlsx?__blob=publicationFile,1989.xlsx
https://www.destatis.de/DE/Themen/Laender-Regionen/Regionales/Gemeindeverzeichnis/Namens-Grenz-Aenderung/1993.xlsx?__blob=publicationFile,1993.xlsx
https://www.destatis.de/DE/Service/EXSTAT/Downloads/bau/abg-vj-2-taetigePersonen.xlsx?__blob=publicationFile,abg-vj-2-taetigePersonen.xlsx
https://www.destatis.de/DE/Service/EXSTAT/Downloads/bau/bhg-m-4-auftragseingang.xlsx?__blob=publicationFile,bhg-m-4-auftragseingang.xlsx
https://www.destatis.de/DE/Service/EXSTAT/Downloads/bau/abg-vj-1-umsatz.xlsx?__blob=publicationFile,abg-vj-1-umsatz.xlsx
https://www.destatis.de/DE/Service/EXSTAT/Downloads/bau/abg-vj-3-stunden.xlsx?__blob=publicationFile,abg-vj-3-stunden.xlsx
https://www.destatis.de/DE/Service/EXSTAT/Downloads/bau/bhg-m-2-taetigePersonen.xlsx?__blob=publicationFile,bhg-m-2-taetigePersonen.xlsx
https://www.destatis.de/DE/Service/EXSTAT/Downloads/bau/bhg-m-3-stunden.xlsx?__blob=publicationFile,bhg-m-3-stunden.xlsx
https://www.destatis.de/DE/Service/EXSTAT/Downloads/bau/bhg-m-1-umsatz.xlsx?__blob=publicationFile,bhg-m-1-umsatz.xlsx
https://www.destatis.de/DE/Themen/Wirtschaft/Preise/Verbraucherpreisindex/Tabellen/sonderauswertung-nahrungsmittel.xlsx?__blob=publicationFile,sonderauswertung-nahrungsmittel.xlsx
https://www.destatis.de/DE/Themen/Staat/Oeffentliche-Finanzen/Ausgaben-Einnahmen/Publikationen/Downloads-Ausgaben-und-Einnahmen/statistischer-bericht-rechnungsergebnis-kernhaushalt-gemeinden-2140331217005.xlsx?__blob=publicationFile,statistischer-bericht-rechnungsergebnis-kernhaushalt-gemeinden-2140331217005.xlsx
https://www.destatis.de/DE/Themen/Branchen-Unternehmen/Landwirtschaft-Forstwirtschaft-Fischerei/Tiere-Tierische-Erzeugung/Tabellen/sonderauswertung-schweinemast.xlsx?__blob=publicationFile,sonderauswertung-schweinemast.xlsx
https://www.destatis.de/DE/Themen/Branchen-Unternehmen/Landwirtschaft-Forstwirtschaft-Fischerei/Tiere-Tierische-Erzeugung/Publikationen/Downloads-Tiere-und-tierische-Erzeugung/viehhaltung-2030213209005.xlsx?__blob=publicationFile,viehhaltung-2030213209005.xlsx
https://www.destatis.de/DE/Themen/Branchen-Unternehmen/Landwirtschaft-Forstwirtschaft-Fischerei/Landwirtschaftliche-Betriebe/Publikationen/Downloads-Landwirtschaftliche-Betriebe/arbeitskraefte-2030218209005.xlsx?__blob=publicationFile,arbeitskraefte-2030218209005.xlsx
https://www.destatis.de/DE/Methoden/Klassifikationen/Aussenhandel/Downloads/wa-gegenueberstellung-xlsx-aktuell.xlsx?__blob=publicationFile,wa-gegenueberstellung-xlsx-aktuell.xlsx
https://www.destatis.de/DE/Themen/Branchen-Unternehmen/Landwirtschaft-Forstwirtschaft-Fischerei/Landwirtschaftliche-Betriebe/Publikationen/Downloads-Landwirtschaftliche-Betriebe/eigentums-pachtverhaeltnisse-2030216209005.xlsx?__blob=publicationFile,eigentums-pachtverhaeltnisse-2030216209005.xlsx
https://www.destatis.de/DE/Themen/Branchen-Unternehmen/Landwirtschaft-Forstwirtschaft-Fischerei/Publikationen/Bodennutzung/bodennutzung-2030212227005.xlsx?__blob=publicationFile,bodennutzung-2030212227005.xlsx
https://www.destatis.de/DE/Themen/Laender-Regionen/Regionales/Gemeindeverzeichnis/Administrativ/Archiv/Verwaltungsgliederung/31121984_Jahr.xlsx?__blob=publicationFile,31121984_Jahr.xlsx
https://www.destatis.de/DE/Themen/Laender-Regionen/Regionales/Gemeindeverzeichnis/Administrativ/Archiv/Verwaltungsgliederung/31121988_Jahr.xlsx?__blob=publicationFile,31121988_Jahr.xlsx
https://www.destatis.de/DE/Themen/Laender-Regionen/Regionales/Gemeindeverzeichnis/Administrativ/Archiv/Verwaltungsgliederung/31121992_Jahr.xlsx?__blob=publicationFile,31121992_Jahr.xlsx
https://www.destatis.de/DE/Themen/Laender-Regionen/Regionales/Gemeindeverzeichnis/Administrativ/Archiv/Verwaltungsgliederung/31121979_Jahr.xlsx?__blob=publicationFile,31121979_Jahr.xlsx
https://www.destatis.de/DE/Themen/Laender-Regionen/Regionales/Gemeindeverzeichnis/Administrativ/Archiv/Verwaltungsgliederung/31121986_Jahr.xlsx?__blob=publicationFile,31121986_Jahr.xlsx
https://www.destatis.de/DE/Themen/Laender-Regionen/Regionales/Gemeindeverzeichnis/Administrativ/Archiv/Verwaltungsgliederung/31121980_Jahr.xlsx?__blob=publicationFile,31121980_Jahr.xlsx
https://www.destatis.de/DE/Themen/Laender-Regionen/Regionales/Gemeindeverzeichnis/Administrativ/Archiv/Verwaltungsgliederung/31121987_Jahr.xlsx?__blob=publicationFile,31121987_Jahr.xlsx
https://www.destatis.de/DE/Themen/Laender-Regionen/Regionales/Gemeindeverzeichnis/Administrativ/Archiv/Verwaltungsgliederung/31121990_Jahr.xlsx?__blob=publicationFile,31121990_Jahr.xlsx
https://www.destatis.de/DE/Themen/Laender-Regionen/Regionales/Gemeindeverzeichnis/Administrativ/Archiv/Verwaltungsgliederung/31121982_Jahr.xlsx?__blob=publicationFile,31121982_Jahr.xlsx
https://www.destatis.de/DE/Themen/Laender-Regionen/Regionales/Gemeindeverzeichnis/Administrativ/Archiv/Verwaltungsgliederung/31121985_Jahr.xlsx?__blob=publicationFile,31121985_Jahr.xlsx
https://www.destatis.de/DE/Themen/Laender-Regionen/Regionales/Gemeindeverzeichnis/Administrativ/Archiv/Verwaltungsgliederung/31121983_Jahr.xlsx?__blob=publicationFile,31121983_Jahr.xlsx
https://www.destatis.de/DE/Themen/Laender-Regionen/Regionales/Gemeindeverzeichnis/Administrativ/Archiv/Verwaltungsgliederung/31121991_Jahr.xlsx?__blob=publicationFile,31121991_Jahr.xlsx
https://www.destatis.de/DE/Themen/Laender-Regionen/Regionales/Gemeindeverzeichnis/Administrativ/Archiv/Verwaltungsgliederung/31121981_Jahr.xlsx?__blob=publicationFile,31121981_Jahr.xlsx
https://www.destatis.de/DE/Themen/Laender-Regionen/Regionales/Gemeindeverzeichnis/Administrativ/Archiv/Verwaltungsgliederung/31121989_Jahr.xlsx?__blob=publicationFile,31121989_Jahr.xlsx
https://www.destatis.de/DE/Themen/Laender-Regionen/Regionales/Gemeindeverzeichnis/Administrativ/Archiv/Verwaltungsgliederung/31121994_Jahr.xlsx?__blob=publicationFile,31121994_Jahr.xlsx
https://www.destatis.de/DE/Themen/Laender-Regionen/Regionales/Gemeindeverzeichnis/Namens-Grenz-Aenderung/2021.xlsx?__blob=publicationFile,2021.xlsx
https://www.destatis.de/DE/Themen/Laender-Regionen/Regionales/Gemeindeverzeichnis/Administrativ/Archiv/Verwaltungsgliederung/31121993_Jahr.xlsx?__blob=publicationFile,31121993_Jahr.xlsx
https://www.destatis.de/DE/Themen/Laender-Regionen/Regionales/Gemeindeverzeichnis/Namens-Grenz-Aenderung/1952.xlsx?__blob=publicationFile,1952.xlsx
https://www.destatis.de/DE/Themen/Gesellschaft-Umwelt/Gesundheit/Todesursachen/Publikationen/Downloads-Todesursachen/todesursachenstatistik-5232101217015.xlsx?__blob=publicationFile,todesursachenstatistik-5232101217015.xlsx
https://www.destatis.de/DE/Themen/Gesellschaft-Umwelt/Bildung-Forschung-Kultur/Berufliche-Bildung/Publikationen/Downloads-Berufliche-Bildung/statistischer-bericht-berufsbildungsstatistik-2110300237005.xlsx?__blob=publicationFile,statistischer-bericht-berufsbildungsstatistik-2110300237005.xlsx
https://www.destatis.de/DE/Themen/Staat/Justiz-Rechtspflege/Publikationen/Downloads-Strafverfolgung-Strafvollzug/statistischer-bericht-strafverfolgung-2100300227005.xlsx?__blob=publicationFile,statistischer-bericht-strafverfolgung-2100300227005.xlsx
https://www.destatis.de/DE/Themen/Wirtschaft/Preise/Internationaler-Preisvergleich/Tabellen/internationales-vergleichsprogramm-ivp.xlsx?__blob=publicationFile,internationales-vergleichsprogramm-ivp.xlsx
https://www.destatis.de/DE/Themen/Gesellschaft-Umwelt/Gesundheit/Krankenhaeuser/Publikationen/Downloads-Krankenhaeuser/statistischer-bericht-diagnosedaten-5231301227015.xlsx?__blob=publicationFile,statistischer-bericht-diagnosedaten-5231301227015.xlsx
https://www.destatis.de/DE/Themen/Laender-Regionen/Regionales/Gemeindeverzeichnis/Administrativ/Archiv/Standardtabellen/06_Staedte_EinwohnergroessenVorjahr.xlsx?__blob=publicationFile,06_Staedte_EinwohnergroessenVorjahr.xlsx
https://www.destatis.de/DE/Themen/Gesellschaft-Umwelt/Bildung-Forschung-Kultur/Berufliche-Bildung/Publikationen/Downloads-Berufliche-Bildung/statistischer-bericht-berufsbildungsstatistik-2110300227005.xlsx?__blob=publicationFile,statistischer-bericht-berufsbildungsstatistik-2110300227005.xlsx
https://www.destatis.de/DE/Themen/Staat/Steuern/Verbrauchsteuern/Publikationen/Downloads-Verbrauchsteuern/absatz-bier-2140921221125.xlsx?__blob=publicationFile,absatz-bier-2140921221125.xlsx
https://www.destatis.de/DE/Themen/Gesellschaft-Umwelt/Bevoelkerung/Eheschliessungen-Ehescheidungen-Lebenspartnerschaften/Publikationen/Downloads-Eheschliessungen/eheschliessungen-geborene-gestorbene-5126001217005.xlsx?__blob=publicationFile,eheschliessungen-geborene-gestorbene-5126001217005.xlsx
https://www.destatis.de/DE/Themen/Laender-Regionen/Regionales/Gemeindeverzeichnis/Namens-Grenz-Aenderung/1950.xlsx?__blob=publicationFile,1950.xlsx
https://www.destatis.de/DE/Themen/Wirtschaft/Preise/Baupreise-Immobilienpreisindex/Tabellen/sonderauswertung-kaufwerte-lw-grundstuecke.xlsx?__blob=publicationFile,sonderauswertung-kaufwerte-lw-grundstuecke.xlsx
https://www.destatis.de/DE/Themen/Arbeit/Verdienste/Verdienste-Branche-Berufe/Publikationen/Downloads/arbeitnehmerverdienste-jahr-2160230217005.xlsx?__blob=publicationFile,arbeitnehmerverdienste-jahr-2160230217005.xlsx
https://www.destatis.de/DE/Themen/Arbeit/Verdienste/Verdienste-Branche-Berufe/Publikationen/Downloads/arbeitnehmerverdienste-vierteljahr-2160210213235.xlsx?__blob=publicationFile,arbeitnehmerverdienste-vierteljahr-2160210213235.xlsx
https://www.destatis.de/DE/Themen/Arbeit/Verdienste/Verdienste-Branche-Berufe/Publikationen/Downloads/arbeitnehmerverdienste-vierteljahr-2160210213245.xlsx?__blob=publicationFile,arbeitnehmerverdienste-vierteljahr-2160210213245.xlsx
https://www.destatis.de/DE/Themen/Staat/Steuern/Verbrauchsteuern/Publikationen/Downloads-Verbrauchsteuern/absatz-tabak-vierteljahr-2140911223245.xlsx?__blob=publicationFile,absatz-tabak-vierteljahr-2140911223245.xlsx
https://www.destatis.de/DE/Themen/Laender-Regionen/Regionales/Gemeindeverzeichnis/Namens-Grenz-Aenderung/1953.xlsx?__blob=publicationFile,1953.xlsx
https://www.destatis.de/DE/Themen/Branchen-Unternehmen/Transport-Verkehr/Gueterverkehr/Publikationen/Downloads-Schifffahrt/statistischer-bericht-seeschifffahrt-2080500241055.xlsx?__blob=publicationFile,statistischer-bericht-seeschifffahrt-2080500241055.xlsx
https://www.destatis.de/DE/Themen/Branchen-Unternehmen/Transport-Verkehr/Gueterverkehr/Publikationen/Downloads-Schifffahrt/statistischer-bericht-seeschifffahrt-2080500241065.xlsx?__blob=publicationFile,statistischer-bericht-seeschifffahrt-2080500241065.xlsx
https://www.destatis.de/DE/Themen/Branchen-Unternehmen/Transport-Verkehr/Gueterverkehr/Publikationen/Downloads-Schifffahrt/statistischer-bericht-binnenschifffahrt-2080400241045.xlsx?__blob=publicationFile,statistischer-bericht-binnenschifffahrt-2080400241045.xlsx
https://www.destatis.de/DE/Themen/Branchen-Unternehmen/Transport-Verkehr/Gueterverkehr/Publikationen/Downloads-Schifffahrt/statistischer-bericht-seeschifffahrt-2080500241045.xlsx?__blob=publicationFile,statistischer-bericht-seeschifffahrt-2080500241045.xlsx
https://www.destatis.de/DE/Themen/Branchen-Unternehmen/Transport-Verkehr/Gueterverkehr/Publikationen/Downloads-Schifffahrt/statistischer-bericht-seeschifffahrt-2080500241035.xlsx?__blob=publicationFile,statistischer-bericht-seeschifffahrt-2080500241035.xlsx
https://www.destatis.de/DE/Themen/Branchen-Unternehmen/Transport-Verkehr/Gueterverkehr/Publikationen/Downloads-Schifffahrt/statistischer-bericht-binnenschifffahrt-2080400241015.xlsx?__blob=publicationFile,statistischer-bericht-binnenschifffahrt-2080400241015.xlsx
https://www.destatis.de/DE/Themen/Branchen-Unternehmen/Transport-Verkehr/Gueterverkehr/Publikationen/Downloads-Schifffahrt/statistischer-bericht-seeschifffahrt-2080500241025.xlsx?__blob=publicationFile,statistischer-bericht-seeschifffahrt-2080500241025.xlsx
https://www.destatis.de/DE/Themen/Branchen-Unternehmen/Transport-Verkehr/Gueterverkehr/Publikationen/Downloads-Schifffahrt/statistischer-bericht-binnenschifffahrt-2080400241025.xlsx?__blob=publicationFile,statistischer-bericht-binnenschifffahrt-2080400241025.xlsx
https://www.destatis.de/DE/Themen/Branchen-Unternehmen/Transport-Verkehr/Gueterverkehr/Publikationen/Downloads-Schifffahrt/statistischer-bericht-binnenschifffahrt-2080400241035.xlsx?__blob=publicationFile,statistischer-bericht-binnenschifffahrt-2080400241035.xlsx
https://www.destatis.de/DE/Themen/Branchen-Unternehmen/Transport-Verkehr/Gueterverkehr/Publikationen/Downloads-Schifffahrt/statistischer-bericht-seeschifffahrt-2080500241015.xlsx?__blob=publicationFile,statistischer-bericht-seeschifffahrt-2080500241015.xlsx
https://www.destatis.de/DE/Themen/Branchen-Unternehmen/Transport-Verkehr/Gueterverkehr/Publikationen/Downloads-Schifffahrt/statistischer-bericht-seeschifffahrt-2080500231125.xlsx?__blob=publicationFile,statistischer-bericht-seeschifffahrt-2080500231125.xlsx
https://www.destatis.de/DE/Themen/Branchen-Unternehmen/Transport-Verkehr/Gueterverkehr/Publikationen/Downloads-Schifffahrt/statistischer-bericht-binnenschifffahrt-2080400231125.xlsx?__blob=publicationFile,statistischer-bericht-binnenschifffahrt-2080400231125.xlsx
https://www.destatis.de/DE/Themen/Laender-Regionen/Regionales/Gemeindeverzeichnis/Administrativ/06-staedte-einwohner-groessen.xlsx?__blob=publicationFile,06-staedte-einwohner-groessen.xlsx
https://www.destatis.de/DE/Themen/Branchen-Unternehmen/Transport-Verkehr/Gueterverkehr/Publikationen/Downloads-Schifffahrt/statistischer-bericht-binnenschifffahrt-2080400231115.xlsx?__blob=publicationFile,statistischer-bericht-binnenschifffahrt-2080400231115.xlsx
https://www.destatis.de/DE/Themen/Branchen-Unternehmen/Transport-Verkehr/Gueterverkehr/Publikationen/Downloads-Schifffahrt/statistischer-bericht-binnenschifffahrt-2080400231095.xlsx?__blob=publicationFile,statistischer-bericht-binnenschifffahrt-2080400231095.xlsx
https://www.destatis.de/DE/Themen/Branchen-Unternehmen/Transport-Verkehr/Gueterverkehr/Publikationen/Downloads-Schifffahrt/statistischer-bericht-binnenschifffahrt-2080400231105.xlsx?__blob=publicationFile,statistischer-bericht-binnenschifffahrt-2080400231105.xlsx
https://www.destatis.de/DE/Themen/Branchen-Unternehmen/Transport-Verkehr/Gueterverkehr/Publikationen/Downloads-Schifffahrt/statistischer-bericht-seeschifffahrt-2080500231115.xlsx?__blob=publicationFile,statistischer-bericht-seeschifffahrt-2080500231115.xlsx
https://www.destatis.de/DE/Themen/Branchen-Unternehmen/Transport-Verkehr/Gueterverkehr/Publikationen/Downloads-Schifffahrt/statistischer-bericht-seeschifffahrt-2080500231105.xlsx?__blob=publicationFile,statistischer-bericht-seeschifffahrt-2080500231105.xlsx
https://www.destatis.de/DE/Themen/Staat/Steuern/Steuereinnahmen/Publikationen/Downloads-Steuerhaushalt/statistischer-bericht-steuerhaushalt-2140400223245.xlsx?__blob=publicationFile,statistischer-bericht-steuerhaushalt-2140400223245.xlsx
https://www.destatis.de/DE/Themen/Branchen-Unternehmen/Transport-Verkehr/Gueterverkehr/Publikationen/Downloads-Schifffahrt/statistischer-bericht-binnenschifffahrt-2080400231085.xlsx?__blob=publicationFile,statistischer-bericht-binnenschifffahrt-2080400231085.xlsx
https://www.destatis.de/DE/Themen/Branchen-Unternehmen/Transport-Verkehr/Gueterverkehr/Publikationen/Downloads-Schifffahrt/statistischer-bericht-seeschifffahrt-2080500231095.xlsx?__blob=publicationFile,statistischer-bericht-seeschifffahrt-2080500231095.xlsx
https://www.destatis.de/DE/Themen/Branchen-Unternehmen/Transport-Verkehr/Gueterverkehr/Publikationen/Downloads-Schifffahrt/statistischer-bericht-seeschifffahrt-2080500231075.xlsx?__blob=publicationFile,statistischer-bericht-seeschifffahrt-2080500231075.xlsx
https://www.destatis.de/DE/Themen/Staat/Steuern/Steuereinnahmen/Publikationen/Downloads-Steuerhaushalt/statistischer-bericht-steuerhaushalt-2140400223235.xlsx?__blob=publicationFile,statistischer-bericht-steuerhaushalt-2140400223235.xlsx
https://www.destatis.de/DE/Themen/Branchen-Unternehmen/Transport-Verkehr/Gueterverkehr/Publikationen/Downloads-Schifffahrt/statistischer-bericht-binnenschifffahrt-2080400231075.xlsx?__blob=publicationFile,statistischer-bericht-binnenschifffahrt-2080400231075.xlsx
https://www.destatis.de/DE/Themen/Branchen-Unternehmen/Transport-Verkehr/Gueterverkehr/Publikationen/Downloads-Schifffahrt/statistischer-bericht-seeschifffahrt-2080500231085.xlsx?__blob=publicationFile,statistischer-bericht-seeschifffahrt-2080500231085.xlsx
https://www.destatis.de/DE/Themen/Branchen-Unternehmen/Transport-Verkehr/Gueterverkehr/Publikationen/Downloads-Schifffahrt/statistischer-bericht-binnenschifffahrt-2080400231045.xlsx?__blob=publicationFile,statistischer-bericht-binnenschifffahrt-2080400231045.xlsx
https://www.destatis.de/DE/Themen/Branchen-Unternehmen/Transport-Verkehr/Gueterverkehr/Publikationen/Downloads-Schifffahrt/statistischer-bericht-binnenschifffahrt-2080400231055.xlsx?__blob=publicationFile,statistischer-bericht-binnenschifffahrt-2080400231055.xlsx
https://www.destatis.de/DE/Themen/Staat/Steuern/Steuereinnahmen/Publikationen/Downloads-Steuerhaushalt/statistischer-bericht-steuerhaushalt-2140400233245.xlsx?__blob=publicationFile,statistischer-bericht-steuerhaushalt-2140400233245.xlsx
https://www.destatis.de/DE/Themen/Branchen-Unternehmen/Transport-Verkehr/Gueterverkehr/Publikationen/Downloads-Schifffahrt/statistischer-bericht-seeschifffahrt-2080500231065.xlsx?__blob=publicationFile,statistischer-bericht-seeschifffahrt-2080500231065.xlsx
https://www.destatis.de/DE/Themen/Branchen-Unternehmen/Transport-Verkehr/Gueterverkehr/Publikationen/Downloads-Schifffahrt/statistischer-bericht-seeschifffahrt-2080500231055.xlsx?__blob=publicationFile,statistischer-bericht-seeschifffahrt-2080500231055.xlsx
https://www.destatis.de/DE/Themen/Branchen-Unternehmen/Transport-Verkehr/Gueterverkehr/Publikationen/Downloads-Schifffahrt/statistischer-bericht-seeschifffahrt-2080500231045.xlsx?__blob=publicationFile,statistischer-bericht-seeschifffahrt-2080500231045.xlsx
https://www.destatis.de/DE/Themen/Branchen-Unternehmen/Transport-Verkehr/Gueterverkehr/Publikationen/Downloads-Schifffahrt/statistischer-bericht-binnenschifffahrt-2080400231065.xlsx?__blob=publicationFile,statistischer-bericht-binnenschifffahrt-2080400231065.xlsx
https://www.destatis.de/DE/Themen/Branchen-Unternehmen/Transport-Verkehr/Gueterverkehr/Publikationen/Downloads-Schifffahrt/statistischer-bericht-binnenschifffahrt-2080400231025.xlsx?__blob=publicationFile,statistischer-bericht-binnenschifffahrt-2080400231025.xlsx
https://www.destatis.de/DE/Themen/Branchen-Unternehmen/Transport-Verkehr/Gueterverkehr/Publikationen/Downloads-Schifffahrt/statistischer-bericht-seeschifffahrt-2080500231015.xlsx?__blob=publicationFile,statistischer-bericht-seeschifffahrt-2080500231015.xlsx
https://www.destatis.de/DE/Themen/Branchen-Unternehmen/Transport-Verkehr/Gueterverkehr/Publikationen/Downloads-Schifffahrt/statistischer-bericht-binnenschifffahrt-2080400231035.xlsx?__blob=publicationFile,statistischer-bericht-binnenschifffahrt-2080400231035.xlsx
https://www.destatis.de/DE/Themen/Branchen-Unternehmen/Transport-Verkehr/Gueterverkehr/Publikationen/Downloads-Schifffahrt/statistischer-bericht-binnenschifffahrt-2080400231015.xlsx?__blob=publicationFile,statistischer-bericht-binnenschifffahrt-2080400231015.xlsx
https://www.destatis.de/DE/Themen/Branchen-Unternehmen/Transport-Verkehr/Gueterverkehr/Publikationen/Downloads-Schifffahrt/statistischer-bericht-seeschifffahrt-2080500231035.xlsx?__blob=publicationFile,statistischer-bericht-seeschifffahrt-2080500231035.xlsx
https://www.destatis.de/DE/Themen/Staat/Steuern/Steuereinnahmen/Publikationen/Downloads-Steuerhaushalt/statistischer-bericht-steuerhaushalt-2140400233235.xlsx?__blob=publicationFile,statistischer-bericht-steuerhaushalt-2140400233235.xlsx
https://www.destatis.de/DE/Themen/Branchen-Unternehmen/Transport-Verkehr/Gueterverkehr/Publikationen/Downloads-Schifffahrt/statistischer-bericht-seeschifffahrt-2080500231025.xlsx?__blob=publicationFile,statistischer-bericht-seeschifffahrt-2080500231025.xlsx
https://www.destatis.de/DE/Themen/Laender-Regionen/Regionales/Gemeindeverzeichnis/Namens-Grenz-Aenderung/1957.xlsx?__blob=publicationFile,1957.xlsx
https://www.destatis.de/DE/Themen/Laender-Regionen/Regionales/Gemeindeverzeichnis/Namens-Grenz-Aenderung/1965.xlsx?__blob=publicationFile,1965.xlsx
https://www.destatis.de/DE/Themen/Laender-Regionen/Regionales/Gemeindeverzeichnis/Namens-Grenz-Aenderung/1964.xlsx?__blob=publicationFile,1964.xlsx
https://www.destatis.de/DE/Themen/Laender-Regionen/Regionales/Gemeindeverzeichnis/Namens-Grenz-Aenderung/1955.xlsx?__blob=publicationFile,1955.xlsx
https://www.destatis.de/DE/Themen/Laender-Regionen/Regionales/Gemeindeverzeichnis/Namens-Grenz-Aenderung/1960.xlsx?__blob=publicationFile,1960.xlsx
https://www.destatis.de/DE/Themen/Laender-Regionen/Regionales/Gemeindeverzeichnis/Namens-Grenz-Aenderung/1966.xlsx?__blob=publicationFile,1966.xlsx
https://www.destatis.de/DE/Themen/Laender-Regionen/Regionales/Gemeindeverzeichnis/Namens-Grenz-Aenderung/1963.xlsx?__blob=publicationFile,1963.xlsx
https://www.destatis.de/DE/Themen/Staat/Steuern/Steuereinnahmen/Publikationen/Downloads-Steuerhaushalt/statistischer-bericht-steuerhaushalt-2140400233215.xlsx?__blob=publicationFile,statistischer-bericht-steuerhaushalt-2140400233215.xlsx
https://www.destatis.de/DE/Themen/Staat/Steuern/Steuereinnahmen/Publikationen/Downloads-Steuerhaushalt/statistischer-bericht-steuerhaushalt-2140400233225.xlsx?__blob=publicationFile,statistischer-bericht-steuerhaushalt-2140400233225.xlsx
https://www.destatis.de/DE/Themen/Laender-Regionen/Regionales/Gemeindeverzeichnis/Namens-Grenz-Aenderung/1961.xlsx?__blob=publicationFile,1961.xlsx
https://www.destatis.de/DE/Themen/Laender-Regionen/Regionales/Gemeindeverzeichnis/Namens-Grenz-Aenderung/1968.xlsx?__blob=publicationFile,1968.xlsx
https://www.destatis.de/DE/Themen/Laender-Regionen/Regionales/Gemeindeverzeichnis/Namens-Grenz-Aenderung/1983.xlsx?__blob=publicationFile,1983.xlsx
https://www.destatis.de/DE/Themen/Laender-Regionen/Regionales/Gemeindeverzeichnis/Namens-Grenz-Aenderung/1984.xlsx?__blob=publicationFile,1984.xlsx
https://www.destatis.de/DE/Themen/Laender-Regionen/Regionales/Gemeindeverzeichnis/Namens-Grenz-Aenderung/1986.xlsx?__blob=publicationFile,1986.xlsx
https://www.destatis.de/DE/Themen/Laender-Regionen/Regionales/Gemeindeverzeichnis/Namens-Grenz-Aenderung/1985.xlsx?__blob=publicationFile,1985.xlsx
https://www.destatis.de/DE/Themen/Staat/Steuern/Verbrauchsteuern/Publikationen/Downloads-Verbrauchsteuern/statistischer-bericht-absatz-bier-2140921241075.xlsx?__blob=publicationFile,statistischer-bericht-absatz-bier-2140921241075.xlsx
https://www.destatis.de/DE/Themen/Wirtschaft/Aussenhandel/Tabellen/rangfolge-handelspartner-xlsx.xlsx?__blob=publicationFile,rangfolge-handelspartner-xlsx.xlsx
https://www.destatis.de/DE/Themen/Staat/Steuern/Verbrauchsteuern/Publikationen/Downloads-Verbrauchsteuern/statistischer-bericht-absatz-bier-2140921241065.xlsx?__blob=publicationFile,statistischer-bericht-absatz-bier-2140921241065.xlsx
https://www.destatis.de/DE/Themen/Staat/Steuern/Verbrauchsteuern/Publikationen/Downloads-Verbrauchsteuern/statistischer-bericht-absatz-bier-2140921241035.xlsx?__blob=publicationFile,statistischer-bericht-absatz-bier-2140921241035.xlsx
https://www.destatis.de/DE/Themen/Staat/Steuern/Verbrauchsteuern/Publikationen/Downloads-Verbrauchsteuern/statistischer-bericht-absatz-bier-2140921241055.xlsx?__blob=publicationFile,statistischer-bericht-absatz-bier-2140921241055.xlsx
https://www.destatis.de/DE/Themen/Staat/Steuern/Verbrauchsteuern/Publikationen/Downloads-Verbrauchsteuern/statistischer-bericht-absatz-bier-2140921241015.xlsx?__blob=publicationFile,statistischer-bericht-absatz-bier-2140921241015.xlsx
https://www.destatis.de/DE/Themen/Staat/Steuern/Verbrauchsteuern/Publikationen/Downloads-Verbrauchsteuern/statistischer-bericht-absatz-bier-2140921241025.xlsx?__blob=publicationFile,statistischer-bericht-absatz-bier-2140921241025.xlsx
https://www.destatis.de/DE/Themen/Arbeit/Verdienste/Mindestloehne/karte-mindestloehne-daten.xlsx?__blob=publicationFile,karte-mindestloehne-daten.xlsx
https://www.destatis.de/DE/Themen/Wirtschaft/Preise/Internationaler-Preisvergleich/Tabellen/preisniveau-konsum-priv-haushalte.xlsx?__blob=publicationFile,preisniveau-konsum-priv-haushalte.xlsx
